0,NNP
1,NNP
2,NNP
3,VBZ
4,NNP
5,NNP
6,NNP
7,NNP
8,NNP
9,NNP
10,NNP
11,NNP
12,NNP
13,NNP
14,NNP
15,NNP
16,NNP
17,JJ
18,NNP
19,NNP
20,NNP
21,NNP
22,NNP
23,NNP
24,NNP
25,NNP
26,NNP
27,NNP
28,JJ
29,NNP
30,NNP
31,NNP
32,NNP
33,NNP
34,NNP
35,NNP
36,NNP
37,NNP
38,NNP
39,NNP
40,NNP
41,NNP
42,JJ
43,NNP
44,NNP
45,NNP
46,NNP
47,JJ
48,NNP
49,NNP
50,NNP
51,NNP
52,JJ
53,NNP
54,NNP
55,NNP
56,NNP
57,NNP
58,NNP
59,NNP
60,NNP
61,NNP
62,NNP
63,NNP
64,NNP
65,NNP
66,NNP
67,NNP
68,JJ
69,NNP
70,JJ
71,NNP
72,NNP
73,NNP
74,NNP
75,NNP
76,NNP
77,NNP
78,NNP
79,NNS
80,NNP
81,NNP
82,NNP
83,NNP
84,NNP
85,NNP
86,VBN
87,NNP
88,NNP
89,NNP
90,NNP
91,NNP
92,NNP
93,NNP
94,NNP
95,NNPS
96,NNP
97,JJ
98,NNP
99,NNPS
100,NNP
101,NNP
102,NNP
103,NNP
104,NNP
105,NNP
106,NNP
107,NNP
108,NNP
109,NNP
110,NNP
111,NNP
112,NNP
113,NNP
114,JJ
115,NNP
116,NNP
117,NNP
118,NNP
119,NNP
120,NNPS
121,NNP
122,NNP
123,NNP
124,NNP
125,NNP
126,JJ
127,NNP
128,NNP
129,JJ
130,NNP
131,NNP
132,NNP
133,NNP
134,NNP
135,NNP
136,NNP
137,NNP
138,NNP
139,NNP
140,NNP
141,NNP
142,NNP
143,NNP
144,NNP
145,NNP
146,NNP
147,NNP
148,NNP
149,NNP
150,NNP
151,NNP
152,NNP
153,NNP
154,NNP
155,NNP
156,NNP
157,NNP
158,NNP
159,NNP
160,NNP
161,NNP
162,NNP
163,NNP
164,NNP
165,NNP
166,NNP
167,NNP
168,NNP
169,NNP
170,NNP
171,NNP
172,NNP
173,NNP
174,NNP
175,NNP
176,NNP
177,NNP
178,NNP
179,NNP
180,NNP
181,NNP
182,NNP
183,NNP
184,NNP
185,NNP
186,NNP
187,NNP
188,NN
189,NNP
190,NNP
191,NNP
192,NNP
193,NNP
194,NNP
195,NNP
196,NNPS
197,NNP
198,NNP
199,NNP
200,NNP
201,NNP
202,NNP
203,NNP
204,NNP
205,NNP
206,NNP
207,NNP
208,NNP
209,NNP
210,NNP
211,NNP
212,NNPS
213,NNP
214,NNP
215,NNP
216,NNP
217,NNP
218,NNP
219,NNPS
220,JJ
221,NNP
222,NNP
223,NNP
224,NNP
225,NNP
226,NNP
227,NNP
228,NNP
229,NNP
230,NNP
231,NNP
232,NNP
233,CD
234,JJ
235,NNP
236,NNP
237,NNP
238,NNP
239,NNP
240,NNP
241,NNP
242,NNP
243,NNP
244,NNP
245,NNP
246,NNP
247,NNS
248,CD
249,NNP
250,NNP
251,NNP
252,NNP
253,NNP
254,NNP
255,NNP
256,NNP
257,NNP
258,NNP
259,NNP
260,NNP
261,NNP
262,NNPS
263,NNP
264,NNP
265,NNP
266,NNP
267,NNP
268,NNP
269,NNP
270,JJ
271,NNP
272,NNP
273,NNPS
274,NNP
275,NNP
276,NNP
277,NNP
278,NNP
279,NNP
280,NNP
281,NNP
282,NNP
283,NNP
284,NNP
285,NNP
286,NNP
287,NNP
288,NNP
289,JJ
290,JJ
291,NNP
292,NNP
293,NNP
294,NN
295,NNP
296,NNP
297,NNP
298,NNP
299,NNP
300,NNP
301,NNP
302,NNP
303,NNP
304,NNP
305,NNP
306,NNP
307,NNP
308,NNP
309,NNP
310,NNP
311,NNP
312,NNP
313,NNP
314,NNP
315,NNP
316,NNP
317,NNP
318,NNP
319,NNP
320,NNP
321,NNP
322,NNP
323,NNP
324,NNP
325,NNP
326,NNP
327,NNP
328,NNP
329,NNP
330,NNP
331,NNP
332,NNP
333,NNP
334,NNP
335,NNP
336,NNP
337,NNP
338,NNP
339,NNP
340,NNP
341,NNP
342,NNP
343,NNP
344,NNP
345,NNP
346,NNP
347,NNP
348,NNP
349,NNP
350,NNPS
351,NNP
352,NNP
353,NNP
354,NNP
355,NNP
356,NNP
357,NNP
358,NNP
359,NNP
360,NNP
361,NNP
362,NNP
363,NNP
364,NNP
365,NNP
366,NNP
367,NNP
368,NNP
369,NNP
370,NNP
371,NNP
372,NNP
373,NNP
374,NNP
375,NNP
376,NNP
377,NNP
378,NNP
379,NNP
380,NNP
381,NNP
382,NNP
383,NNP
384,NNP
385,NNP
386,NNP
387,NNP
388,NNP
389,NNP
390,NNP
391,NNP
392,NNP
393,NN
394,NNP
395,NNP
396,NNP
397,NNPS
398,NNP
399,NNP
400,NNP
401,NNP
402,NNP
403,NNP
404,NNP
405,NNP
406,NNP
407,NNP
408,JJ
409,NNP
410,NNP
411,NNP
412,NNP
413,NNP
414,NNP
415,NNP
416,NNP
417,NNP
418,NNP
419,NNP
420,NNP
421,NNP
422,NNP
423,NNP
424,NNP
425,NNP
426,NNP
427,NN
428,NNP
429,NNP
430,NNP
431,NNP
432,NN
433,NNP
434,NNP
435,NNP
436,NNP
437,NNP
438,NNP
439,NNP
440,NNP
441,NNP
442,NNP
443,JJ
444,NNP
445,NNP
446,NNP
447,NNP
448,NNP
449,NNP
450,NNP
451,NNP
452,NNP
453,NNP
454,NNP
455,NNP
456,NNP
457,NNPS
458,NNP
459,NNP
460,NNP
461,NNP
462,NNP
463,NNP
464,NNPS
465,NNP
466,NNP
467,NNP
468,NNP
469,NNP
470,NNP
471,NNP
472,NNPS
473,NNP
474,NNP
475,NNP
476,NNP
477,NNP
478,NNP
479,NNP
480,NNP
481,NNP
482,NNP
483,NNP
484,NNP
485,NNP
486,NNP
487,NNP
488,NNP
489,NNP
490,NNP
491,NNP
492,NNP
493,NNP
494,NNP
495,NNP
496,NNP
497,NNP
498,NNP
499,NNP
500,JJ
501,JJ
502,NNP
503,JJ
504,NNP
505,NNP
506,NNP
507,NNP
508,NNP
509,NNP
510,NNP
511,NNP
512,NNP
513,NNP
514,JJ
515,NNP
516,NNP
517,NNP
518,NNP
519,NNP
520,NNP
521,NNP
522,JJ
523,NNP
524,NNP
525,NN
526,NNP
527,NNP
528,NNP
529,NNP
530,NNP
531,NNP
532,NNP
533,NNP
534,NNP
535,NNP
536,NNP
537,NNP
538,NNP
539,JJ
540,NNP
541,NNP
542,NNP
543,NNP
544,NNP
545,NNP
546,NNP
547,NNP
548,NNP
549,NNP
550,NNP
551,NNP
552,NNP
553,NNP
554,NNP
555,NNP
556,NNP
557,NNP
558,NNP
559,NNP
560,NNP
561,NNP
562,NNP
563,NNP
564,NNP
565,NNP
566,NNP
567,NNP
568,NNP
569,NNP
570,NNP
571,NNP
572,NNP
573,NNP
574,NNP
575,NNP
576,NNP
577,NNP
578,NNP
579,NNS
580,NNP
581,NNP
582,NNP
583,NNP
584,NNP
585,NNP
586,NNP
587,NNP
588,NNP
589,NNP
590,NNP
591,NNP
592,NNP
593,NNP
594,NNP
595,NNPS
596,NNP
597,NNP
598,NNP
599,JJ
600,NNP
601,NNP
602,NNP
603,NNP
604,NNP
605,NNP
606,NNP
607,NNP
608,NNP
609,NNP
610,NNP
611,NNP
612,NNS
613,NNP
614,NNP
615,NNP
616,NNP
617,NNP
618,NNP
619,NNP
620,NNP
621,NNP
622,NNP
623,NNP
624,NNP
625,JJ
626,NNP
627,NNPS
628,NNP
629,JJ
630,JJ
631,JJ
632,JJ
633,NNP
634,NNP
635,NNP
636,NNP
637,NNP
638,NNP
639,NNP
640,NNP
641,JJ
642,NNP
643,NNP
644,NNP
645,NNP
646,JJ
647,NNP
648,NNP
649,NNP
650,JJ
651,JJ
652,NNP
653,JJ
654,NNP
655,JJ
656,NNP
657,NNP
658,NNPS
659,NNP
660,NNP
661,NNP
662,JJ
663,NNP
664,NNP
665,NNP
666,NNP
667,NNP
668,JJ
669,JJ
670,NNP
671,NNP
672,NNP
673,JJ
674,JJ
675,NNP
676,NNP
677,NNP
678,NNP
679,NNP
680,NNP
681,NNP
682,NNP
683,NNP
684,NNP
685,NNP
686,NNP
687,NNP
688,NNP
689,NNP
690,NNP
691,NNP
692,NNP
693,CD
694,NNP
695,NNP
696,NNP
697,CD
698,NNP
699,NNP
700,JJ
701,NNP
702,NNP
703,NNP
704,NNP
705,NNP
706,NNP
707,NNP
708,NNP
709,NNP
710,NNP
711,NNP
712,NNP
713,NNP
714,NNP
715,NNP
716,NNP
717,NNP
718,NNP
719,NNPS
720,NNP
721,NNP
722,NNPS
723,NNP
724,NNP
725,NNP
726,NNP
727,NNP
728,VBG
729,NNP
730,NNP
731,NNP
732,NNP
733,NNP
734,NNP
735,NNP
736,NNP
737,NNP
738,NNP
739,NNP
740,NNP
741,NNP
742,NNP
743,NNP
744,NNP
745,NNP
746,NNP
747,NNP
748,NNP
749,NNP
750,NNP
751,NNP
752,NNP
753,NNP
754,NNP
755,NNP
756,NNP
757,NNP
758,NNP
759,NNP
760,NNP
761,JJ
762,NNP
763,NNP
764,NNP
765,NNP
766,NNP
767,NNP
768,NNP
769,NNP
770,NNP
771,NNP
772,NNP
773,NNP
774,NNP
775,NNP
776,NNP
777,NNP
778,NNP
779,NNP
780,NNP
781,NN
782,NNP
783,NNP
784,NNP
785,NNP
786,NNP
787,NNP
788,NNP
789,NNP
790,NNP
791,NNP
792,NNP
793,NNP
794,NNP
795,NNP
796,NNP
797,NNP
798,NNP
799,NNP
800,NNP
801,NNP
802,NNP
803,NNP
804,NNP
805,NNP
806,NNS
807,JJ
808,NNP
809,NNP
810,NNP
811,NNP
812,NNP
813,NNP
814,NNP
815,NNP
816,NNP
817,NNP
818,NNP
819,NNP
820,NNP
821,NNP
822,NNP
823,NNP
824,NNP
825,NNP
826,NNP
827,NNP
828,NNPS
829,NNP
830,NNP
831,NNP
832,NNP
833,NNP
834,NNPS
835,NNP
836,NNP
837,NNP
838,NNP
839,NNP
840,NNP
841,NNP
842,NNP
843,NNP
844,NNP
845,NNP
846,NNP
847,NNP
848,NNP
849,NNPS
850,NNP
851,NNP
852,NNP
853,NNP
854,NNP
855,NN
856,NNP
857,NNP
858,NNP
859,NNP
860,NNP
861,NNP
862,NN
863,NNP
864,NNP
865,JJ
866,NNP
867,NNP
868,NNP
869,NNP
870,NNP
871,NNP
872,NNP
873,JJ
874,NNP
875,NNP
876,NNP
877,NNPS
878,NNP
879,NNP
880,NNPS
881,NNPS
882,NNP
883,NNP
884,NNP
885,NNP
886,VB
887,NNPS
888,NNP
889,NNP
890,CD
891,RB
892,NNPS
893,NNP
894,NNP
895,CD
896,NNP
897,NNPS
898,NNP
899,NNP
900,NNPS
901,NNPS
902,NNP
903,NNP
904,NNP
905,NNS
906,NNP
907,NNP
908,NNP
909,NNP
910,NNP
911,NNP
912,NNP
913,NNP
914,NNP
915,CD
916,RB
917,NNP
918,NNP
919,CD
920,NNP
921,NNP
922,NNP
923,NNP
924,NNPS
925,NNP
926,NNPS
927,NNP
928,NNP
929,NNP
930,NNP
931,NNP
932,NNPS
933,NNP
934,NNP
935,NNPS
936,NNP
937,NNPS
938,NNP
939,NNP
940,NNP
941,NNPS
942,NNP
943,NNP
944,NNPS
945,NNP
946,NNP
947,NN
948,NNP
949,NNP
950,NNP
951,NNP
952,NNP
953,NNP
954,NNP
955,NNP
956,NNP
957,NNP
958,NNP
959,NNP
960,NNP
961,NNP
962,NNP
963,NN
964,NNP
965,NNP
966,NNP
967,NNP
968,NNP
969,NNP
970,NNP
971,NNP
972,NNP
973,NNP
974,NNP
975,NNP
976,NNP
977,CD
978,NNP
979,NNP
980,NNP
981,CD
982,NNP
983,NNP
984,NNP
985,NNP
986,NNP
987,NNP
988,NNP
989,CD
990,RB
991,NNP
992,NNP
993,CD
994,NNS
995,NNP
996,NNP
997,NNP
998,NNP
999,NNP
1000,NNP
1001,NNP
1002,NNP
1003,NNP
1004,NNP
1005,NNP
1006,NNP
1007,NNP
1008,NNP
1009,NNPS
1010,NNP
1011,NNPS
1012,NNP
1013,NNP
1014,NNP
1015,NNP
1016,NNP
1017,NNPS
1018,NNP
1019,NNP
1020,NNP
1021,NNP
1022,NNP
1023,NNP
1024,NNP
1025,NNP
1026,NNP
1027,NNP
1028,NNP
1029,NNP
1030,NNPS
1031,NNP
1032,NNP
1033,NNP
1034,NNP
1035,NNPS
1036,NNP
1037,NNPS
1038,NNP
1039,JJ
1040,JJ
1041,JJ
1042,NNP
1043,NNP
1044,NNP
1045,NNP
1046,NNP
1047,NNP
1048,NNP
1049,NNP
1050,NNP
1051,NNP
1052,NNP
1053,NNP
1054,NNP
1055,NNP
1056,NNPS
1057,NNP
1058,NNP
1059,NNP
1060,NNP
1061,NNP
1062,NNP
1063,NNP
1064,NNP
1065,NNP
1066,NNP
1067,NNP
1068,NNP
1069,NNS
1070,NNP
1071,NNP
1072,NNP
1073,NNP
1074,JJ
1075,NNP
1076,NNP
1077,NNP
1078,NNP
1079,NNP
1080,NNP
1081,NN
1082,NNP
1083,NNP
1084,NNP
1085,NNP
1086,NNP
1087,NNP
1088,NNP
1089,NNP
1090,NNP
1091,NNP
1092,NNP
1093,NNP
1094,NNP
1095,NNP
1096,NNP
1097,NNP
1098,NNP
1099,NNP
1100,NNP
1101,NNP
1102,NNP
1103,NNP
1104,NNP
1105,NNP
1106,NN
1107,NNP
1108,NNP
1109,NNP
1110,RBR
1111,NNP
1112,NNP
1113,NNP
1114,NNP
1115,NNP
1116,NNP
1117,NNP
1118,NNP
1119,NNP
1120,NNP
1121,NNP
1122,NNP
1123,NNP
1124,NNP
1125,NNP
1126,NNP
1127,NNP
1128,NNP
1129,NNP
1130,NNP
1131,NNP
1132,NNP
1133,NNP
1134,NNP
1135,NNP
1136,NNP
1137,NNP
1138,NNP
1139,NNP
1140,NNP
1141,JJ
1142,NNP
1143,NNP
1144,NNP
1145,JJ
1146,NNP
1147,NNP
1148,NNP
1149,NNP
1150,NNP
1151,VBG
1152,NNP
1153,NNP
1154,NNP
1155,NNP
1156,NNP
1157,NNP
1158,NNP
1159,NNP
1160,NNP
1161,NNP
1162,NNP
1163,NNPS
1164,NNP
1165,JJ
1166,NNP
1167,NNP
1168,NNP
1169,NNP
1170,JJ
1171,NNP
1172,NNP
1173,NNP
1174,NNP
1175,NNPS
1176,NNP
1177,NNP
1178,NNP
1179,NNP
1180,NNP
1181,NNP
1182,NNP
1183,NNP
1184,NNP
1185,NNP
1186,NNP
1187,NNP
1188,NNP
1189,NNP
1190,NNP
1191,NNP
1192,NNP
1193,NNP
1194,NNP
1195,NNP
1196,NNP
1197,NNP
1198,JJ
1199,NNP
1200,NNP
1201,NNP
1202,NNP
1203,NNP
1204,NNP
1205,NNP
1206,NNP
1207,NNP
1208,NNPS
1209,NNP
1210,NNP
1211,NNP
1212,NNP
1213,NNP
1214,NNP
1215,NNP
1216,NNP
1217,NNP
1218,NNP
1219,NNP
1220,NNPS
1221,NNP
1222,JJ
1223,NNP
1224,NNP
1225,NNP
1226,NNP
1227,NNP
1228,NNP
1229,NNP
1230,NNP
1231,NNP
1232,NNPS
1233,NNP
1234,NNP
1235,NNP
1236,NNP
1237,NNP
1238,NNP
1239,NNP
1240,NNP
1241,NNP
1242,NNPS
1243,NNP
1244,NNP
1245,JJ
1246,NNP
1247,NNP
1248,NNP
1249,NNP
1250,JJ
1251,NNP
1252,NNP
1253,NNP
1254,NNP
1255,NNP
1256,NNPS
1257,NNP
1258,NNP
1259,NNP
1260,NNP
1261,NNP
1262,JJ
1263,NNP
1264,NNP
1265,NNP
1266,NNP
1267,NNP
1268,NNP
1269,JJ
1270,JJ
1271,NNPS
1272,NNP
1273,NNPS
1274,NNP
1275,NNP
1276,NNP
1277,NNP
1278,NNP
1279,NNP
1280,NNP
1281,NNP
1282,NNP
1283,NNP
1284,NNP
1285,NNP
1286,NNP
1287,NNP
1288,NNP
1289,JJ
1290,NNP
1291,NNP
1292,NNP
1293,NNP
1294,NNP
1295,NNP
1296,NNP
1297,NNP
1298,NNP
1299,NNP
1300,NNP
1301,NNP
1302,NNP
1303,NNP
1304,NNP
1305,NNPS
1306,NNP
1307,NNP
1308,NNP
1309,NNP
1310,JJ
1311,NNP
1312,NNP
1313,NNP
1314,NNP
1315,NNP
1316,NNP
1317,NNP
1318,NNP
1319,NNP
1320,NNP
1321,NNP
1322,NNPS
1323,NNPS
1324,JJ
1325,NNP
1326,NNP
1327,NNP
1328,NNP
1329,NNP
1330,NNP
1331,NNP
1332,JJ
1333,NNPS
1334,NNP
1335,NNP
1336,NNP
1337,NNP
1338,NNP
1339,NNP
1340,NNP
1341,NNP
1342,NNP
1343,NNP
1344,NNP
1345,NNP
1346,NNP
1347,NNP
1348,JJ
1349,NNP
1350,NNPS
1351,NNP
1352,NNP
1353,NNP
1354,NNP
1355,NNP
1356,NNP
1357,NNP
1358,NNP
1359,NNP
1360,NNP
1361,NNP
1362,NNP
1363,NNP
1364,JJ
1365,NNP
1366,NNP
1367,NNP
1368,NNP
1369,NNP
1370,NNP
1371,NNP
1372,NNP
1373,NNP
1374,NNP
1375,NNP
1376,NNP
1377,NNP
1378,NNP
1379,NNP
1380,NNPS
1381,NNP
1382,NNP
1383,NNP
1384,NNP
1385,NNP
1386,NNP
1387,NNPS
1388,NNP
1389,NNP
1390,NNP
1391,NNP
1392,NNP
1393,NNP
1394,NNP
1395,NNP
1396,NNP
1397,NNP
1398,NNP
1399,NNP
1400,NNP
1401,NNP
1402,NNP
1403,NNP
1404,NNP
1405,NNP
1406,NNP
1407,NNP
1408,NNP
1409,NNP
1410,NNP
1411,NNP
1412,NNP
1413,NNP
1414,NNP
1415,NNP
1416,NNP
1417,NNP
1418,NNP
1419,NNP
1420,NNP
1421,NNP
1422,NNP
1423,NNP
1424,NNP
1425,NNP
1426,NNP
1427,NNP
1428,NNP
1429,NNP
1430,NNP
1431,NNP
1432,NNP
1433,NNP
1434,NNP
1435,NNP
1436,NNP
1437,NNP
1438,NNP
1439,NNPS
1440,RB
1441,NNP
1442,NNP
1443,NNP
1444,NNP
1445,NNP
1446,NNP
1447,NNPS
1448,NNP
1449,NNP
1450,NNP
1451,NNP
1452,NNP
1453,NNP
1454,NNPS
1455,NNP
1456,NNP
1457,NNP
1458,NNP
1459,NNP
1460,NNP
1461,NNP
1462,NNP
1463,NNP
1464,NNP
1465,NNP
1466,NNP
1467,CD
1468,NNP
1469,NNP
1470,NNP
1471,NNP
1472,NNP
1473,NNP
1474,NNP
1475,NNP
1476,CD
1477,NNP
1478,NNP
1479,NNP
1480,CD
1481,NNP
1482,NNP
1483,NNP
1484,NNP
1485,NNP
1486,NNP
1487,NNP
1488,NNP
1489,NNP
1490,NNP
1491,NNP
1492,NNP
1493,NNP
1494,NNP
1495,NNP
1496,NNP
1497,NNP
1498,NNP
1499,NNP
1500,NNP
1501,NNP
1502,NNP
1503,NNP
1504,NNP
1505,NNP
1506,NNP
1507,NNP
1508,NNP
1509,NNP
1510,NNP
1511,NNP
1512,NNP
1513,NNP
1514,NNPS
1515,NNP
1516,NNP
1517,NNP
1518,NNP
1519,NNP
1520,NNP
1521,NNP
1522,NNP
1523,NNP
1524,NNP
1525,NNP
1526,NNP
1527,NNP
1528,NNP
1529,NNP
1530,NNP
1531,NNP
1532,NNP
1533,RB
1534,NNP
1535,NNP
1536,NNP
1537,NNP
1538,NNP
1539,NNP
1540,NNP
1541,NNP
1542,NNP
1543,NNPS
1544,NNP
1545,NNP
1546,NNP
1547,NNP
1548,NNP
1549,NNP
1550,NNP
1551,NNP
1552,NNP
1553,NNP
1554,NNP
1555,NNP
1556,NNP
1557,NNP
1558,NNP
1559,NNP
1560,NNP
1561,NNP
1562,RB
1563,NNP
1564,NNP
1565,NNP
1566,NNP
1567,NNP
1568,NNPS
1569,NNP
1570,NNP
1571,NNP
1572,NNP
1573,NNP
1574,NNP
1575,NNP
1576,NNP
1577,NNP
1578,NNP
1579,NNP
1580,NNP
1581,NNP
1582,NNP
1583,NNP
1584,NNP
1585,NNP
1586,NNP
1587,NNP
1588,NNP
1589,NNP
1590,NNP
1591,NNP
1592,NNP
1593,NNP
1594,NNP
1595,NNP
1596,NNP
1597,NNP
1598,NNP
1599,NNP
1600,NNP
1601,NNP
1602,NNP
1603,NNP
1604,NNP
1605,NNP
1606,NNP
1607,NNP
1608,NNP
1609,NNP
1610,NNP
1611,NNP
1612,NNP
1613,NNP
1614,NNP
1615,NNP
1616,NNP
1617,NNP
1618,NNP
1619,NNP
1620,NN
1621,NNP
1622,NNP
1623,NNP
1624,NNP
1625,NN
1626,NNP
1627,NN
1628,NNP
1629,NNP
1630,NNP
1631,NNP
1632,NNP
1633,NNP
1634,NNP
1635,NNP
1636,NNP
1637,NNP
1638,NNP
1639,NNP
1640,NNP
1641,NNP
1642,NNP
1643,NNP
1644,NNP
1645,NNP
1646,NNP
1647,NNP
1648,NNP
1649,NNP
1650,NNP
1651,NNP
1652,NNP
1653,NNP
1654,NNP
1655,NNP
1656,NNP
1657,NNP
1658,NNP
1659,NNP
1660,NNP
1661,NNP
1662,NNP
1663,NNP
1664,NNP
1665,NNP
1666,NNP
1667,NNP
1668,NNP
1669,NNP
1670,NNP
1671,NNP
1672,NNP
1673,NNP
1674,NNP
1675,NNP
1676,NNP
1677,NNP
1678,NNP
1679,NNP
1680,NNP
1681,NNP
1682,NNP
1683,IN
1684,NNP
1685,NNP
1686,NNP
1687,NNP
1688,NNP
1689,NNP
1690,NNP
1691,NNP
1692,NNP
1693,NNP
1694,NNP
1695,NN
1696,NNP
1697,NNP
1698,NNP
1699,NNP
1700,NNP
1701,NNP
1702,NNS
1703,NNP
1704,NNP
1705,NNP
1706,NNP
1707,NNP
1708,NNP
1709,NNP
1710,NN
1711,NNP
1712,NNP
1713,NNP
1714,NNP
1715,NNP
1716,NNP
1717,NNP
1718,NNP
1719,NNP
1720,NNP
1721,NNP
1722,NNP
1723,NNP
1724,NNP
1725,NNP
1726,NNP
1727,NNP
1728,NNP
1729,NNP
1730,JJ
1731,NNP
1732,NNP
1733,NNP
1734,NNP
1735,NNP
1736,NNP
1737,NNP
1738,NNP
1739,JJ
1740,NNP
1741,NNP
1742,NNP
1743,NNP
1744,NNP
1745,NNP
1746,NNP
1747,NNP
1748,NNP
1749,NNP
1750,NNP
1751,NNP
1752,NNP
1753,NNP
1754,NNP
1755,NNP
1756,NNP
1757,NNP
1758,NNP
1759,NNP
1760,NNP
1761,NNP
1762,NNP
1763,NNP
1764,NNP
1765,NNP
1766,NNP
1767,NNP
1768,NNP
1769,NNP
1770,NNP
1771,NNP
1772,NNP
1773,NNP
1774,NNP
1775,NNP
1776,NNP
1777,NNP
1778,NNP
1779,NNP
1780,NNP
1781,NNS
1782,NNP
1783,NNP
1784,NNP
1785,NNP
1786,NNP
1787,NNP
1788,NN
1789,NNP
1790,NNP
1791,NNP
1792,NNP
1793,NNP
1794,JJ
1795,NNP
1796,JJ
1797,NNP
1798,NNPS
1799,NNP
1800,NNP
1801,NNP
1802,NNP
1803,NNP
1804,NNP
1805,NNP
1806,NNP
1807,NNP
1808,NNP
1809,NNP
1810,NNP
1811,NNP
1812,NNP
1813,NNP
1814,NNP
1815,NNP
1816,NNP
1817,NNP
1818,NNS
1819,NNP
1820,NNP
1821,NNP
1822,NNP
1823,NNP
1824,NNP
1825,NNPS
1826,NNP
1827,NNP
1828,NNP
1829,NNP
1830,NNP
1831,NNP
1832,NNP
1833,NNP
1834,NNP
1835,NNP
1836,NNP
1837,NNP
1838,NNP
1839,NNP
1840,NNP
1841,NNP
1842,NNP
1843,NNP
1844,NNP
1845,NNP
1846,NNP
1847,NNP
1848,NNP
1849,NNP
1850,NNP
1851,NNP
1852,NNP
1853,NNP
1854,NNP
1855,JJ
1856,NNP
1857,NNP
1858,NNP
1859,NNP
1860,NNP
1861,NNP
1862,NN
1863,NNP
1864,NNP
1865,NNP
1866,NNP
1867,NNP
1868,NNP
1869,NNP
1870,NNP
1871,NNP
1872,NNP
1873,NNP
1874,NNP
1875,NNP
1876,NNP
1877,NNP
1878,NNP
1879,NNP
1880,NNP
1881,NNP
1882,NNP
1883,NNP
1884,NNP
1885,NNP
1886,NNP
1887,NNP
1888,NNP
1889,NNP
1890,NNP
1891,NNP
1892,NNP
1893,NNP
1894,NNP
1895,NNP
1896,NNP
1897,NNP
1898,NNP
1899,NNP
1900,NNP
1901,NNP
1902,NNP
1903,NNP
1904,NNP
1905,NNP
1906,NNP
1907,NNP
1908,NNP
1909,NNP
1910,NNP
1911,NNP
1912,NNP
1913,NNP
1914,NNP
1915,NNP
1916,NNPS
1917,NNP
1918,NNP
1919,NNP
1920,NNP
1921,NNP
1922,NNP
1923,NNP
1924,NNP
1925,NNP
1926,NNP
1927,NNP
1928,NNP
1929,NNP
1930,NNP
1931,NNP
1932,NNP
1933,NNP
1934,NNP
1935,NNP
1936,NNP
1937,NNP
1938,NNP
1939,NNP
1940,NNP
1941,NNP
1942,NNP
1943,NNP
1944,NNP
1945,NNP
1946,NNP
1947,NNP
1948,NNP
1949,NNP
1950,NNP
1951,NNP
1952,NNP
1953,NNP
1954,NNP
1955,NNP
1956,NNP
1957,NNP
1958,NNP
1959,NNP
1960,NNP
1961,NNP
1962,NNP
1963,NNP
1964,NNP
1965,NNPS
1966,NNPS
1967,NNP
1968,NNP
1969,NNP
1970,NNP
1971,NNP
1972,NNPS
1973,NNP
1974,NNP
1975,NNP
1976,NNPS
1977,NNP
1978,NNP
1979,NNP
1980,NNP
1981,NNP
1982,NNP
1983,NNP
1984,NNP
1985,NNP
1986,NNP
1987,NNP
1988,NNP
1989,NNP
1990,NNP
1991,NNPS
1992,NNP
1993,NNP
1994,NNP
1995,NNPS
1996,NNP
1997,NNP
1998,NNP
1999,NNP
2000,NNP
2001,NNP
2002,NNP
2003,NNP
2004,NNP
2005,NNP
2006,NNP
2007,NNP
2008,NNP
2009,NNP
2010,NNP
2011,NNP
2012,NNPS
2013,NNP
2014,NNP
2015,NNP
2016,NNP
2017,NNP
2018,NNP
2019,NNP
2020,NNP
2021,NNP
2022,NNP
2023,NNP
2024,NNP
2025,NNP
2026,NNP
2027,NNP
2028,NNP
2029,NNP
2030,NNP
2031,NNP
2032,NNP
2033,NNP
2034,NNP
2035,NNP
2036,NNP
2037,NNP
2038,NNP
2039,NNP
2040,NNP
2041,NNP
2042,NNP
2043,NNP
2044,NNP
2045,NNP
2046,NNPS
2047,NNP
2048,NNP
2049,NNP
2050,NNP
2051,NNP
2052,NNPS
2053,NNP
2054,NNP
2055,NNP
2056,NN
2057,NNP
2058,NNP
2059,NNP
2060,NNP
2061,NNP
2062,NNP
2063,NNP
2064,NNP
2065,NNP
2066,NNP
2067,NNP
2068,NNP
2069,NNP
2070,NNP
2071,NNP
2072,NNP
2073,NNP
2074,NNP
2075,NNP
2076,JJ
2077,NNP
2078,NNP
2079,NNP
2080,NNP
2081,NNP
2082,NNP
2083,JJ
2084,NNP
2085,NNP
2086,NNP
2087,NNP
2088,NNP
2089,NNP
2090,NNP
2091,NNP
2092,NNP
2093,NNP
2094,NNP
2095,NNP
2096,NNP
2097,NNP
2098,NNPS
2099,NNP
2100,NNP
2101,NNP
2102,NNP
2103,NNP
2104,NNP
2105,NNP
2106,NNP
2107,NNP
2108,NNP
2109,NNP
2110,NNP
2111,NNP
2112,NNP
2113,NNPS
2114,NNP
2115,JJ
2116,NNP
2117,NNP
2118,NNP
2119,NNP
2120,NNP
2121,NNP
2122,NNP
2123,NNP
2124,NNP
2125,NNPS
2126,NNP
2127,NNP
2128,NNP
2129,NNP
2130,NNP
2131,NNP
2132,NNP
2133,NNP
2134,NNP
2135,NNP
2136,NNP
2137,NNP
2138,NNP
2139,JJ
2140,NNP
2141,NNP
2142,NNP
2143,NNP
2144,NNP
2145,NNP
2146,NNP
2147,NNP
2148,NNP
2149,NNP
2150,NNP
2151,NNP
2152,NNP
2153,NNP
2154,NNP
2155,NNP
2156,NNP
2157,NNP
2158,NNP
2159,JJ
2160,NNP
2161,NNP
2162,NNP
2163,NNPS
2164,NNPS
2165,NNP
2166,NNP
2167,NNP
2168,NNPS
2169,NNP
2170,NNP
2171,NNP
2172,NNP
2173,NNP
2174,NNP
2175,NNP
2176,NNP
2177,JJ
2178,NNP
2179,NNP
2180,NNP
2181,JJ
2182,NNPS
2183,NNP
2184,NNP
2185,NNP
2186,JJ
2187,NNP
2188,NNP
2189,JJ
2190,NNP
2191,NNP
2192,NNP
2193,NNP
2194,JJ
2195,NNP
2196,NNP
2197,NNP
2198,NNP
2199,NNP
2200,NNP
2201,NNP
2202,NNPS
2203,NNP
2204,NNP
2205,NNP
2206,NNP
2207,NNP
2208,NNP
2209,NNP
2210,NNP
2211,NNP
2212,NNP
2213,NNP
2214,NNP
2215,NNP
2216,NNPS
2217,NNP
2218,JJ
2219,NNP
2220,NNP
2221,NNP
2222,NNP
2223,NNP
2224,NNP
2225,NNP
2226,NNP
2227,NNP
2228,NNP
2229,NNP
2230,NNP
2231,JJ
2232,NNP
2233,NNP
2234,NNP
2235,NNP
2236,NNP
2237,NNP
2238,NNP
2239,NNP
2240,NNP
2241,NNP
2242,NNPS
2243,NNP
2244,NNP
2245,NNP
2246,NNP
2247,NN
2248,NNP
2249,JJ
2250,NN
2251,JJ
2252,JJ
2253,JJ
2254,JJ
2255,JJ
2256,NNP
2257,NNP
2258,NNP
2259,NNP
2260,NNPS
2261,NNP
2262,NN
2263,NNP
2264,NNP
2265,NNP
2266,NNP
2267,NNP
2268,NNP
2269,NNP
2270,JJ
2271,NNP
2272,NNP
2273,NNP
2274,NNP
2275,NNP
2276,NNP
2277,NNP
2278,NNP
2279,NNP
2280,NNP
2281,NNS
2282,NNP
2283,NNP
2284,NNP
2285,NNP
2286,NNP
2287,NNP
2288,NNP
2289,NNP
2290,NNPS
2291,NNP
2292,NNP
2293,NNP
2294,NNS
2295,NNP
2296,NNP
2297,NNP
2298,NNP
2299,NNP
2300,NNP
2301,NNP
2302,NNP
2303,NNS
2304,NNP
2305,NNP
2306,NNP
2307,NNS
2308,NNP
2309,NNP
2310,NNP
2311,NNP
2312,NNP
2313,NNP
2314,NNP
2315,NNP
2316,NNP
2317,NNP
2318,NNP
2319,NNP
2320,NNP
2321,NNP
2322,NNP
2323,NNP
2324,NNP
2325,NNS
2326,RB
2327,JJ
2328,NNP
2329,JJ
2330,NNP
2331,NNP
2332,NNP
2333,NNP
2334,NNPS
2335,NNP
2336,NNP
2337,NNP
2338,NNP
2339,NNP
2340,NNP
2341,NNP
2342,NNP
2343,NNP
2344,NNP
2345,NNP
2346,NNP
2347,NN
2348,NNP
2349,NNP
2350,NNP
2351,NNP
2352,NNP
2353,JJ
2354,JJ
2355,JJ
2356,NNP
2357,NNPS
2358,NNP
2359,NNP
2360,NNP
2361,NNP
2362,NNP
2363,NNP
2364,NNP
2365,NNP
2366,NNP
2367,NN
2368,NNP
2369,NNP
2370,NNP
2371,NNP
2372,NNP
2373,NNP
2374,NNP
2375,NNP
2376,NNP
2377,NNP
2378,NNP
2379,NNP
2380,NNP
2381,NNP
2382,NNP
2383,NNP
2384,NNP
2385,NNP
2386,NNP
2387,NNP
2388,NNP
2389,NNP
2390,NNP
2391,NNP
2392,JJ
2393,NNP
2394,NNP
2395,NNP
2396,NNP
2397,NNP
2398,NNP
2399,NNP
2400,NNP
2401,NNP
2402,NNP
2403,NNP
2404,NNP
2405,NNP
2406,NNP
2407,NNP
2408,NNP
2409,NNP
2410,NNP
2411,NNP
2412,NNP
2413,NNP
2414,NNP
2415,NNP
2416,NNP
2417,NNP
2418,NNP
2419,NNP
2420,JJ
2421,JJ
2422,NNP
2423,NNP
2424,NNP
2425,NNP
2426,NNP
2427,NNPS
2428,NNP
2429,NNP
2430,JJ
2431,NNP
2432,NNP
2433,NNPS
2434,NNP
2435,NNP
2436,NNP
2437,NNP
2438,NNP
2439,NNPS
2440,NNP
2441,NNP
2442,NN
2443,NNP
2444,NNPS
2445,NNP
2446,NNP
2447,NNP
2448,NNP
2449,NNP
2450,NNP
2451,NNP
2452,NNP
2453,NNP
2454,NNP
2455,NNP
2456,NNP
2457,NNP
2458,NNPS
2459,NNP
2460,NNP
2461,NNP
2462,NNP
2463,NNP
2464,NNP
2465,NNP
2466,NNP
2467,NNPS
2468,NNP
2469,NNP
2470,NNP
2471,NNP
2472,NNP
2473,NNP
2474,NNP
2475,NNP
2476,NNP
2477,NNP
2478,NNPS
2479,JJ
2480,NNP
2481,NNP
2482,VBN
2483,NNP
2484,NNP
2485,NNP
2486,NN
2487,NNP
2488,NNP
2489,NNP
2490,NNP
2491,NNP
2492,NNP
2493,NNP
2494,NNP
2495,NNP
2496,NNP
2497,NNP
2498,NNP
2499,NNP
2500,NNP
2501,NNP
2502,NNP
2503,CD
2504,NNP
2505,NN
2506,NNP
2507,NNP
2508,NNP
2509,CD
2510,NNP
2511,NNP
2512,NNP
2513,NNP
2514,NNP
2515,NNP
2516,NNP
2517,NNP
2518,NNP
2519,NNP
2520,NNP
2521,NNP
2522,NNP
2523,NNP
2524,NNP
2525,NNPS
2526,NNP
2527,NNP
2528,NNP
2529,NNP
2530,NNPS
2531,NNPS
2532,NNP
2533,NNP
2534,NNP
2535,NNPS
2536,NNP
2537,NNP
2538,NNP
2539,NNP
2540,JJ
2541,JJ
2542,NNP
2543,NNP
2544,NNP
2545,NNP
2546,JJ
2547,NNP
2548,NNP
2549,NNP
2550,NNP
2551,NNP
2552,NNP
2553,NNP
2554,NNP
2555,NNP
2556,NNP
2557,NNP
2558,NNP
2559,NNP
2560,NNP
2561,NNP
2562,NNP
2563,NNP
2564,NNP
2565,NNP
2566,NNP
2567,NNP
2568,NNP
2569,NNP
2570,NNP
2571,NNP
2572,NNP
2573,NNP
2574,NNP
2575,NNP
2576,NNP
2577,NNP
2578,JJ
2579,NNP
2580,NNP
2581,NNP
2582,NNP
2583,NNP
2584,NNP
2585,NNP
2586,NNP
2587,NNP
2588,NNP
2589,NNP
2590,NNP
2591,NNP
2592,NNP
2593,NNP
2594,NNP
2595,JJ
2596,NNP
2597,NNP
2598,NNP
2599,NNP
2600,NNP
2601,NNP
2602,NNP
2603,NNP
2604,NNP
2605,NNP
2606,NNP
2607,NNP
2608,NNP
2609,NNP
2610,NNP
2611,NNP
2612,NNP
2613,NNP
2614,NNP
2615,NNP
2616,NNP
2617,NNPS
2618,NNP
2619,NNP
2620,NNP
2621,NNP
2622,NNP
2623,NNP
2624,NNP
2625,NNP
2626,NNP
2627,NNP
2628,NNP
2629,NNP
2630,NNP
2631,NNP
2632,NNP
2633,NNP
2634,NNP
2635,NNP
2636,NNP
2637,NNP
2638,NNP
2639,NNP
2640,NNP
2641,NNP
2642,NNP
2643,NNP
2644,NNP
2645,NNP
2646,NNP
2647,NNP
2648,NNP
2649,NNP
2650,NNP
2651,NNP
2652,NNP
2653,NNP
2654,NNP
2655,NNP
2656,NNP
2657,NNP
2658,NNP
2659,NNP
2660,NNP
2661,NNP
2662,NNP
2663,NNP
2664,NNP
2665,NNP
2666,NNP
2667,NNP
2668,NNP
2669,NNP
2670,NNP
2671,NNP
2672,NNP
2673,NNP
2674,NNP
2675,NNP
2676,NNP
2677,NNP
2678,NNP
2679,NNP
2680,NNP
2681,NNP
2682,NNP
2683,NNP
2684,NNP
2685,NNP
2686,NNP
2687,NNP
2688,NNP
2689,NNP
2690,NNP
2691,NNS
2692,NNP
2693,NNP
2694,NNP
2695,NNP
2696,NNP
2697,NNP
2698,NNP
2699,NNP
2700,NNP
2701,NNP
2702,NNP
2703,NNP
2704,NNP
2705,NNP
2706,NNP
2707,NNP
2708,NNPS
2709,NNP
2710,NNP
2711,NNP
2712,NNP
2713,NNP
2714,NNP
2715,NNP
2716,NNP
2717,NNP
2718,NNPS
2719,NNP
2720,NNP
2721,NNP
2722,NNP
2723,NNP
2724,NNP
2725,NNP
2726,NNP
2727,NNPS
2728,NNP
2729,NNP
2730,NNPS
2731,NNP
2732,NNPS
2733,NNP
2734,NNP
2735,NNP
2736,NNPS
2737,NNP
2738,NNPS
2739,NNP
2740,NNP
2741,NNP
2742,NNP
2743,NNP
2744,NNP
2745,NNP
2746,NNP
2747,NNP
2748,NNP
2749,NNP
2750,NNPS
2751,NNP
2752,NNP
2753,NNP
2754,NNP
2755,JJ
2756,JJ
2757,NNP
2758,NNP
2759,NNP
2760,NNP
2761,NNP
2762,NNP
2763,NNP
2764,NNPS
2765,NNP
2766,NNP
2767,NNP
2768,NNP
2769,NNP
2770,NNP
2771,NNPS
2772,NNP
2773,NNP
2774,NNP
2775,NNP
2776,NNPS
2777,NNP
2778,NNP
2779,NNP
2780,NNP
2781,NNP
2782,NNP
2783,NNP
2784,NNP
2785,NNP
2786,NNP
2787,NNP
2788,NNP
2789,NNP
2790,NNP
2791,NNP
2792,NNP
2793,NNP
2794,NNP
2795,JJ
2796,NNP
2797,NNP
2798,NNP
2799,NNP
2800,NNP
2801,NNP
2802,NNP
2803,NNP
2804,NNP
2805,JJ
2806,NNP
2807,NNP
2808,NNP
2809,JJ
2810,NNP
2811,NNP
2812,NNP
2813,NNP
2814,NNP
2815,NNP
2816,NNP
2817,NNP
2818,NNP
2819,NNP
2820,NNP
2821,NNP
2822,NNP
2823,NNP
2824,NNP
2825,JJ
2826,NNP
2827,JJ
2828,NNP
2829,NNP
2830,NNP
2831,NNP
2832,NNP
2833,NNP
2834,JJ
2835,JJ
2836,JJ
2837,NNP
2838,JJ
2839,NNP
2840,NNP
2841,NNP
2842,JJ
2843,NNP
2844,JJ
2845,JJ
2846,JJ
2847,NNP
2848,RB
2849,NNP
2850,NNP
2851,JJ
2852,NNP
2853,NNP
2854,NNP
2855,NNP
2856,NNP
2857,NNP
2858,NNP
2859,NNP
2860,NNPS
2861,CC
2862,NNP
2863,NNP
2864,NNP
2865,NNP
2866,NNP
2867,NNP
2868,NNP
2869,NNS
2870,NNP
2871,NNP
2872,NNP
2873,NNP
2874,NNP
2875,NNP
2876,NNP
2877,NNP
2878,NNP
2879,NNP
2880,NNP
2881,NNP
2882,NNP
2883,NNP
2884,NNP
2885,NNP
2886,NNS
2887,NNP
2888,NNP
2889,NNP
2890,NNP
2891,NNP
2892,NNP
2893,NNP
2894,JJ
2895,NNP
2896,NNP
2897,NNP
2898,NNP
2899,NNP
2900,NNP
2901,NNP
2902,NNP
2903,NNP
2904,NNP
2905,NNP
2906,NNP
2907,NNP
2908,NNP
2909,NNP
2910,NNP
2911,NNP
2912,NNP
2913,NNP
2914,NNP
2915,NNP
2916,NNP
2917,NNP
2918,NNP
2919,NNP
2920,JJ
2921,NNP
2922,NNP
2923,NNP
2924,NNP
2925,NNP
2926,NNP
2927,NNP
2928,NNP
2929,NNP
2930,NNP
2931,NNP
2932,NNP
2933,NNP
2934,NNP
2935,NNP
2936,NNP
2937,NNS
2938,NNP
2939,NNP
2940,NNP
2941,NNP
2942,NNP
2943,NNP
2944,NNP
2945,NNP
2946,NNPS
2947,NNP
2948,NNP
2949,NNP
2950,NNP
2951,NNP
2952,NNP
2953,NNP
2954,NNP
2955,NNP
2956,NNP
2957,NNP
2958,NNP
2959,NNP
2960,NNP
2961,NNP
2962,NNP
2963,NNP
2964,NNP
2965,NNP
2966,NNP
2967,NNP
2968,NNP
2969,NNP
2970,NNP
2971,NNPS
2972,NNP
2973,NNP
2974,NNP
2975,NNP
2976,NNP
2977,NNP
2978,NNP
2979,VBG
2980,NNP
2981,NNP
2982,NNP
2983,NNP
2984,NNP
2985,NNP
2986,NNP
2987,NNP
2988,NNP
2989,NNP
2990,NNP
2991,NNP
2992,NNP
2993,NNP
2994,NNP
2995,NNPS
2996,NNP
2997,NNP
2998,NNP
2999,NNP
3000,NNP
3001,NNP
3002,NNP
3003,NNP
3004,NNP
3005,NNP
3006,NNP
3007,NNP
3008,NNP
3009,NNP
3010,NNP
3011,NNP
3012,NNP
3013,NNP
3014,NNP
3015,NNP
3016,RB
3017,NNP
3018,NNP
3019,NNP
3020,NNP
3021,JJ
3022,CD
3023,NNP
3024,NN
3025,CD
3026,JJ
3027,NNPS
3028,NNP
3029,NNP
3030,NNP
3031,NNP
3032,NNP
3033,NNP
3034,NNP
3035,NNS
3036,NNP
3037,NNP
3038,NNP
3039,NNP
3040,NNP
3041,NNP
3042,NNP
3043,NNP
3044,NNP
3045,NNP
3046,NNP
3047,NNP
3048,NNP
3049,NNPS
3050,JJ
3051,NNP
3052,NNP
3053,NNP
3054,NNP
3055,NNP
3056,NNP
3057,DT
3058,NNPS
3059,JJ
3060,NNP
3061,NNP
3062,JJ
3063,JJ
3064,NNP
3065,NNP
3066,NNP
3067,NNP
3068,NNP
3069,JJ
3070,NNPS
3071,NNP
3072,NNP
3073,NNPS
3074,NNP
3075,NNP
3076,NNP
3077,NNP
3078,NNP
3079,NNP
3080,NNP
3081,NNP
3082,NNP
3083,NNP
3084,NNP
3085,NNP
3086,NNPS
3087,NNP
3088,NNPS
3089,NNP
3090,NNP
3091,NNP
3092,JJ
3093,NNPS
3094,NNP
3095,NNP
3096,NNPS
3097,NNPS
3098,NNP
3099,NNPS
3100,NNP
3101,NNPS
3102,NNP
3103,NNP
3104,NNPS
3105,NNP
3106,NNP
3107,NNP
3108,NNP
3109,NNP
3110,NNP
3111,NNP
3112,NNP
3113,NNP
3114,NNP
3115,NNP
3116,NNP
3117,NNP
3118,NNP
3119,NNP
3120,NNP
3121,NNP
3122,NNP
3123,NNP
3124,NNP
3125,NNP
3126,NNP
3127,NNP
3128,NNP
3129,NNP
3130,NNP
3131,NNP
3132,NNP
3133,NNP
3134,NNP
3135,NNP
3136,NNP
3137,NNP
3138,NNP
3139,NNP
3140,NNP
3141,NNP
3142,NNP
3143,NNP
3144,NNP
3145,NNP
3146,NNP
3147,NNP
3148,NNP
3149,NNP
3150,NNP
3151,NNP
3152,NNP
3153,NNP
3154,NNP
3155,NNP
3156,NNP
3157,NNP
3158,NNP
3159,NNP
3160,NNP
3161,NNP
3162,NNP
3163,NNP
3164,NNP
3165,NNP
3166,NNP
3167,NNP
3168,NNP
3169,NNP
3170,NNP
3171,NNP
3172,NNP
3173,NNP
3174,NNP
3175,NNP
3176,NNP
3177,NNP
3178,NNP
3179,NNP
3180,NNP
3181,NNP
3182,NNP
3183,NNP
3184,JJ
3185,NNP
3186,NNP
3187,NNP
3188,NNP
3189,NNP
3190,NNP
3191,NNP
3192,NNP
3193,NNP
3194,NNP
3195,NNP
3196,NNP
3197,NNP
3198,NNP
3199,NNP
3200,NNP
3201,NNP
3202,JJ
3203,NNP
3204,JJ
3205,JJ
3206,NNP
3207,NNP
3208,JJ
3209,JJ
3210,NNP
3211,NNP
3212,NNP
3213,NNP
3214,NNP
3215,NNP
3216,NNP
3217,NNP
3218,NNP
3219,NNP
3220,NNP
3221,NNP
3222,NNP
3223,NNP
3224,NNP
3225,NNP
3226,NNP
3227,NNP
3228,JJ
3229,NNP
3230,NNP
3231,NNP
3232,NNPS
3233,NNP
3234,NNP
3235,JJ
3236,NNP
3237,NNP
3238,NNP
3239,NNP
3240,JJ
3241,NNP
3242,NNP
3243,NNP
3244,NNP
3245,NNP
3246,NNP
3247,NNP
3248,NNP
3249,NNP
3250,NNP
3251,JJ
3252,NNP
3253,NNP
3254,NNP
3255,NNP
3256,NNP
3257,NNP
3258,NNP
3259,NNP
3260,NNP
3261,NNP
3262,NNP
3263,NNP
3264,NNP
3265,NNP
3266,NNP
3267,NNP
3268,NNP
3269,NNP
3270,NNP
3271,NNP
3272,NNP
3273,NNP
3274,NNP
3275,NNP
3276,NNP
3277,NNP
3278,NNP
3279,NNP
3280,JJ
3281,NNP
3282,NNP
3283,NNP
3284,NNP
3285,NNP
3286,NNP
3287,NNP
3288,NNP
3289,NNP
3290,NNP
3291,NNP
3292,NNPS
3293,NNP
3294,NNPS
3295,NNP
3296,NNP
3297,NNP
3298,NNP
3299,JJ
3300,NNP
3301,NNP
3302,NNP
3303,NNP
3304,NNPS
3305,NNP
3306,NNP
3307,NNP
3308,NNP
3309,JJ
3310,JJ
3311,NNP
3312,NNP
3313,NNP
3314,NNP
3315,NNP
3316,JJ
3317,NNP
3318,NNP
3319,NNP
3320,NNP
3321,NNP
3322,NNP
3323,NNP
3324,NNP
3325,NNP
3326,NNP
3327,NNP
3328,NNPS
3329,NNP
3330,NNP
3331,NNP
3332,NNP
3333,NNP
3334,NNP
3335,NNP
3336,NNP
3337,NNP
3338,NNP
3339,NNP
3340,NNP
3341,JJ
3342,NNP
3343,NNP
3344,NNP
3345,NNP
3346,NNP
3347,NNP
3348,NNP
3349,NNP
3350,NNP
3351,NNP
3352,NNP
3353,NNP
3354,NNP
3355,NNP
3356,VBG
3357,NNP
3358,NNP
3359,NNP
3360,NNP
3361,NNP
3362,NNP
3363,NNP
3364,NNP
3365,NNP
3366,NNP
3367,NNP
3368,NNP
3369,NNP
3370,NNP
3371,NNP
3372,NNP
3373,NNP
3374,NNP
3375,NNP
3376,NNP
3377,NNP
3378,NNP
3379,JJ
3380,NNP
3381,NNP
3382,NN
3383,NNP
3384,NNP
3385,NNP
3386,NNP
3387,NNP
3388,NNP
3389,NNPS
3390,NNP
3391,NNP
3392,NNP
3393,NNP
3394,NNP
3395,NNP
3396,NNP
3397,NNP
3398,NNP
3399,NNP
3400,NNP
3401,NNP
3402,NNP
3403,NNP
3404,NNP
3405,NNP
3406,NNPS
3407,JJ
3408,NNP
3409,NNP
3410,NNP
3411,NNP
3412,NNP
3413,NNP
3414,NNP
3415,NNP
3416,NNP
3417,NNP
3418,NNP
3419,NNP
3420,NNP
3421,NNP
3422,NNP
3423,NNP
3424,NNP
3425,NNP
3426,NNP
3427,NNP
3428,NNP
3429,NNP
3430,NNP
3431,NNP
3432,NNPS
3433,NNP
3434,NNP
3435,NNP
3436,NNP
3437,NNP
3438,NNP
3439,NNP
3440,NNP
3441,NNP
3442,NNP
3443,NNP
3444,NNP
3445,NNP
3446,NNP
3447,NNP
3448,NNP
3449,NNP
3450,NNP
3451,NNP
3452,NNS
3453,NNP
3454,NNP
3455,NNP
3456,NNP
3457,NNP
3458,NNP
3459,NNP
3460,NNP
3461,NNP
3462,NNP
3463,NNP
3464,NNP
3465,JJ
3466,NNP
3467,NNPS
3468,NNP
3469,NNP
3470,NNP
3471,NNP
3472,NNP
3473,NNP
3474,NNP
3475,NNP
3476,NNP
3477,NNP
3478,NNP
3479,NNP
3480,NNP
3481,NNP
3482,NNP
3483,NNP
3484,NNP
3485,NNP
3486,NNP
3487,NNP
3488,NNP
3489,NNP
3490,NNP
3491,NNP
3492,NNP
3493,JJ
3494,JJ
3495,NNP
3496,JJ
3497,NNP
3498,NNP
3499,JJ
3500,NNP
3501,NNP
3502,NN
3503,VBG
3504,NNP
3505,NNP
3506,NNP
3507,NNP
3508,JJ
3509,NNP
3510,NNP
3511,NNPS
3512,NNP
3513,NNP
3514,NNP
3515,NNP
3516,NNP
3517,NNP
3518,NNP
3519,NNP
3520,NNP
3521,NNP
3522,NNP
3523,NNP
3524,NNP
3525,NNP
3526,NNP
3527,NNP
3528,NNP
3529,NNP
3530,NNP
3531,NNP
3532,NNP
3533,NNP
3534,NNP
3535,NNP
3536,NNP
3537,NNP
3538,NNP
3539,NNP
3540,NNP
3541,NNP
3542,NNP
3543,NNP
3544,NNP
3545,NN
3546,NNP
3547,NNP
3548,NNPS
3549,NNP
3550,NNP
3551,NNP
3552,NNP
3553,NNP
3554,NNPS
3555,NNP
3556,NNP
3557,NNP
3558,NNP
3559,JJ
3560,NNP
3561,NNP
3562,NNP
3563,NNP
3564,NNP
3565,NNP
3566,NNP
3567,NNP
3568,NNP
3569,VBG
3570,NNPS
3571,NNP
3572,NNPS
3573,NNP
3574,NNP
3575,NNP
3576,NNP
3577,JJ
3578,JJ
3579,NNP
3580,NNP
3581,NNP
3582,NNP
3583,NNP
3584,NNP
3585,NNP
3586,NNPS
3587,NNP
3588,NNP
3589,NNP
3590,NNP
3591,NNP
3592,NNP
3593,NNP
3594,NNP
3595,NNP
3596,NNP
3597,NNP
3598,NNP
3599,NNP
3600,NNP
3601,NNP
3602,NNP
3603,NNP
3604,NNP
3605,NNP
3606,NNS
3607,NNP
3608,NNP
3609,NNP
3610,NNP
3611,NNP
3612,NNP
3613,NNP
3614,NNP
3615,NNP
3616,NNP
3617,NNP
3618,NNP
3619,NNP
3620,JJ
3621,NNP
3622,NNP
3623,NNP
3624,NNP
3625,NNP
3626,NNP
3627,NNP
3628,NNP
3629,NNP
3630,NNP
3631,NNP
3632,NNP
3633,NNPS
3634,NNP
3635,NNP
3636,NNP
3637,NNP
3638,NNP
3639,JJ
3640,NNP
3641,NNP
3642,NNP
3643,NNP
3644,NN
3645,NNP
3646,NNPS
3647,NNP
3648,NNP
3649,NNP
3650,NNPS
3651,NNP
3652,NNPS
3653,NNP
3654,NNP
3655,NNP
3656,NNP
3657,NNP
3658,NNP
3659,NNP
3660,NNP
3661,NNP
3662,NNP
3663,NNP
3664,NNP
3665,NNP
3666,NNP
3667,NNP
3668,NNP
3669,NNP
3670,NNP
3671,NNP
3672,NNP
3673,NNP
3674,NNP
3675,NNP
3676,NNP
3677,NNP
3678,NNP
3679,NNP
3680,NNP
3681,DT
3682,NNP
3683,NNP
3684,NNP
3685,NNP
3686,NNPS
3687,NNP
3688,NNP
3689,NNP
3690,NNP
3691,NNP
3692,NNP
3693,NNP
3694,NNP
3695,NNP
3696,NNP
3697,JJ
3698,NNP
3699,NNP
3700,NNP
3701,NNP
3702,NNP
3703,NNP
3704,NNP
3705,NNP
3706,NNP
3707,NNP
3708,NNPS
3709,NNP
3710,NNPS
3711,NNP
3712,NNPS
3713,NNP
3714,JJ
3715,NNPS
3716,NNP
3717,NNP
3718,NNPS
3719,NNP
3720,NNP
3721,NNP
3722,NNPS
3723,NNP
3724,NNP
3725,NNP
3726,NNP
3727,NNP
3728,NNPS
3729,NNP
3730,NNP
3731,NNP
3732,NNPS
3733,NNP
3734,NNP
3735,NNP
3736,NNP
3737,NNP
3738,NNP
3739,NNP
3740,NNP
3741,NNP
3742,NNP
3743,JJ
3744,JJ
3745,NNP
3746,JJ
3747,NNP
3748,NNP
3749,JJ
3750,NNP
3751,NNP
3752,NNP
3753,NNP
3754,NNP
3755,NNP
3756,NNP
3757,NNP
3758,NNP
3759,NNP
3760,NNP
3761,NNP
3762,JJ
3763,NNP
3764,NNP
3765,NNP
3766,NNP
3767,NNP
3768,NNP
3769,NNP
3770,NNP
3771,NNP
3772,NNP
3773,NNP
3774,NNP
3775,NNP
3776,NNP
3777,NN
3778,JJ
3779,NNP
3780,NNP
3781,JJ
3782,NNP
3783,NNP
3784,NNP
3785,NNP
3786,NNP
3787,NNP
3788,NNP
3789,NNP
3790,NNP
3791,NNP
3792,NNP
3793,NNP
3794,NNP
3795,NNP
3796,NNP
3797,NNP
3798,NNP
3799,NNP
3800,NNP
3801,NNP
3802,NNP
3803,NNP
3804,NNP
3805,NNP
3806,NNPS
3807,NNP
3808,NNP
3809,NN
3810,NNP
3811,NNP
3812,NNP
3813,JJ
3814,NNP
3815,NNP
3816,NNP
3817,NNP
3818,NNP
3819,NNP
3820,NNP
3821,NNP
3822,NNP
3823,NNP
3824,NNP
3825,NNP
3826,NNP
3827,NNP
3828,NNP
3829,NNP
3830,NNP
3831,NNP
3832,NNP
3833,NNP
3834,NNP
3835,NNP
3836,NNP
3837,NNP
3838,NNP
3839,NNP
3840,NNP
3841,NNP
3842,NNP
3843,NNP
3844,NNP
3845,NNP
3846,NNP
3847,NNP
3848,NNP
3849,NNP
3850,NNP
3851,NNP
3852,NNP
3853,NNP
3854,NNP
3855,NNP
3856,NNP
3857,NNP
3858,NNP
3859,NNP
3860,NNP
3861,NNP
3862,NNS
3863,NNP
3864,NNP
3865,NNP
3866,NNP
3867,NNP
3868,NNP
3869,NNP
3870,NNP
3871,NNP
3872,NNP
3873,NNP
3874,NNP
3875,NNP
3876,NNP
3877,NNP
3878,NNP
3879,NNPS
3880,NNP
3881,NNS
3882,NNP
3883,NN
3884,NNP
3885,NNP
3886,NNP
3887,NNPS
3888,NNP
3889,NN
3890,NNP
3891,NNP
3892,NNP
3893,NNP
3894,NNP
3895,NNP
3896,NNP
3897,NNP
3898,NNP
3899,NNP
3900,NNP
3901,NNP
3902,NNP
3903,NNP
3904,NNP
3905,NNP
3906,NNP
3907,NNP
3908,NNP
3909,NNP
3910,NNP
3911,NNPS
3912,NNP
3913,NNP
3914,NNP
3915,NNP
3916,NNP
3917,NNP
3918,NNP
3919,NNP
3920,NNP
3921,NNP
3922,NNP
3923,NNP
3924,NNP
3925,NNP
3926,NNP
3927,NNP
3928,NNP
3929,RB
3930,NNP
3931,NNP
3932,NNPS
3933,NNP
3934,NNP
3935,NNP
3936,NNP
3937,NNP
3938,NNP
3939,NNP
3940,NNP
3941,NNP
3942,JJ
3943,NNP
3944,NNP
3945,NNP
3946,NNP
3947,NNP
3948,NNP
3949,NNS
3950,NNP
3951,NNP
3952,NNP
3953,NNS
3954,NNP
3955,NNP
3956,NNP
3957,NNP
3958,NNP
3959,NNP
3960,NNP
3961,NNP
3962,JJ
3963,NNP
3964,NNP
3965,NNP
3966,NNP
3967,NNP
3968,NNP
3969,NNP
3970,NNP
3971,NNP
3972,NNP
3973,NNP
3974,NNP
3975,NNP
3976,NNP
3977,NNP
3978,NNP
3979,NNP
3980,NNP
3981,NNP
3982,NNP
3983,JJ
3984,NNP
3985,NNP
3986,NNP
3987,NNP
3988,NNP
3989,NNPS
3990,NNP
3991,NNP
3992,NNP
3993,NNP
3994,NNP
3995,NNP
3996,NNP
3997,NNP
3998,NNP
3999,NNP
4000,NNP
4001,NNP
4002,NNP
4003,NNP
4004,JJ
4005,NNP
4006,NNP
4007,NNP
4008,NNP
4009,NNP
4010,NNP
4011,NNP
4012,NNP
4013,VB
4014,NNP
4015,NNP
4016,NNP
4017,NNP
4018,NNP
4019,NNP
4020,NNP
4021,NNP
4022,NNP
4023,NNP
4024,NNP
4025,JJ
4026,NNP
4027,NNP
4028,NNP
4029,NNP
4030,NNP
4031,NNP
4032,NNP
4033,NNP
4034,NNP
4035,NNP
4036,NNP
4037,NNP
4038,NNP
4039,NNP
4040,NNP
4041,NNP
4042,NNP
4043,NNP
4044,NNP
4045,NNP
4046,NNP
4047,JJ
4048,NNP
4049,NNP
4050,NNP
4051,NNP
4052,NNP
4053,NNP
4054,NNP
4055,NNP
4056,NNP
4057,NNP
4058,NNP
4059,NNP
4060,NNP
4061,NNP
4062,NNP
4063,NNP
4064,NNP
4065,NNP
4066,NNP
4067,NNP
4068,NNP
4069,NNP
4070,NNP
4071,NNP
4072,NNP
4073,NNP
4074,NNP
4075,NNP
4076,CD
4077,NNP
4078,NNP
4079,NNP
4080,NNP
4081,NNP
4082,NNP
4083,NNP
4084,NNP
4085,NNP
4086,NNP
4087,NNP
4088,NNP
4089,NNP
4090,NNP
4091,NNP
4092,NNP
4093,NNP
4094,NNP
4095,NNP
4096,NNP
4097,NNP
4098,NNP
4099,NNP
4100,NNP
4101,NNP
4102,NNP
4103,NNP
4104,NNP
4105,NNP
4106,NNP
4107,NNP
4108,NNP
4109,NNP
4110,NNP
4111,NNP
4112,NNP
4113,NNP
4114,NNP
4115,NNP
4116,NNP
4117,NNP
4118,NNP
4119,NNP
4120,NNP
4121,NNP
4122,NNP
4123,NNP
4124,NNP
4125,CD
4126,NNP
4127,NNP
4128,NNP
4129,NNP
4130,NNP
4131,NNP
4132,NNP
4133,NNP
4134,NNP
4135,NNP
4136,NNP
4137,NNP
4138,NNP
4139,NNP
4140,NNP
4141,JJ
4142,NNP
4143,JJ
4144,JJ
4145,NNP
4146,NNPS
4147,NNP
4148,NNP
4149,JJ
4150,NNPS
4151,NNP
4152,NNP
4153,NNP
4154,NNP
4155,NNP
4156,NNPS
4157,NNP
4158,NNP
4159,NNP
4160,NNPS
4161,NNP
4162,JJ
4163,NNP
4164,NNP
4165,NNP
4166,JJ
4167,NNP
4168,NNP
4169,NNP
4170,JJ
4171,NNP
4172,NNP
4173,NNP
4174,NNP
4175,NNP
4176,NNP
4177,NNP
4178,NNP
4179,NNP
4180,NNP
4181,NNP
4182,NNP
4183,NNP
4184,NNP
4185,NNP
4186,NNP
4187,NNP
4188,NNP
4189,NNP
4190,NNP
4191,NNP
4192,NNP
4193,NNP
4194,NNP
4195,NNP
4196,NNP
4197,NNP
4198,NNP
4199,NNP
4200,NNP
4201,NNP
4202,NNP
4203,NNP
4204,NNP
4205,NNP
4206,NNP
4207,NNP
4208,NNP
4209,NNP
4210,NNP
4211,NNP
4212,NNP
4213,NNP
4214,NNP
4215,NNP
4216,NNP
4217,NNP
4218,NNP
4219,NNP
4220,NNP
4221,NNP
4222,NNP
4223,NNP
4224,NNP
4225,NNP
4226,NNP
4227,NNP
4228,NNP
4229,NNP
4230,NNP
4231,NNP
4232,NNP
4233,NNP
4234,NNP
4235,NNP
4236,NNP
4237,NNP
4238,NNP
4239,JJ
4240,NNP
4241,NNP
4242,NNP
4243,NNP
4244,NNP
4245,NNP
4246,NNP
4247,NNP
4248,NNP
4249,NNP
4250,NNP
4251,NNP
4252,NNP
4253,NNP
4254,NNP
4255,NNP
4256,NNP
4257,NNP
4258,NNP
4259,NNP
4260,NNP
4261,NNP
4262,NNPS
4263,NNP
4264,NNP
4265,JJ
4266,NNP
4267,NNP
4268,NNP
4269,NNP
4270,NNP
4271,NNP
4272,NNPS
4273,NNP
4274,NNP
4275,NNP
4276,NNP
4277,NNP
4278,JJ
4279,NNP
4280,JJ
4281,NNP
4282,NNP
4283,NNP
4284,NNP
4285,NNP
4286,NNP
4287,NNP
4288,NNP
4289,NNP
4290,NNP
4291,NNP
4292,NNP
4293,NNP
4294,NNP
4295,NNP
4296,NNP
4297,NNP
4298,NNP
4299,NNP
4300,NNP
4301,NNP
4302,NNP
4303,NNP
4304,NNP
4305,JJ
4306,NNP
4307,NNP
4308,NNP
4309,NNP
4310,NNP
4311,NNP
4312,NNP
4313,NNP
4314,NNPS
4315,NNP
4316,NNP
4317,NNP
4318,NNP
4319,NNP
4320,NNP
4321,NNP
4322,NNP
4323,NNP
4324,NNP
4325,NNP
4326,NNPS
4327,NNP
4328,NNP
4329,NNP
4330,NNP
4331,NNP
4332,NNP
4333,NNP
4334,NNP
4335,NNP
4336,NNP
4337,NNP
4338,NNP
4339,NNP
4340,NNP
4341,NNP
4342,NNP
4343,NNP
4344,NNP
4345,NNP
4346,NNP
4347,NNP
4348,NNP
4349,NNP
4350,NNP
4351,NNP
4352,NNP
4353,NNP
4354,JJ
4355,NNP
4356,NNP
4357,NNPS
4358,NNP
4359,NNP
4360,JJ
4361,NNPS
4362,NNP
4363,NNPS
4364,NNP
4365,NNP
4366,NNP
4367,NNP
4368,NNP
4369,NNP
4370,NNP
4371,NN
4372,NNP
4373,NNP
4374,NNP
4375,NNP
4376,NNP
4377,NNP
4378,NNP
4379,NNP
4380,NNP
4381,NNP
4382,NNP
4383,NNP
4384,JJ
4385,JJ
4386,NNP
4387,NNP
4388,NNP
4389,NNP
4390,JJ
4391,NNP
4392,NNP
4393,NNP
4394,NNP
4395,JJ
4396,NNP
4397,NNP
4398,NNP
4399,NNP
4400,NN
4401,NNP
4402,NNP
4403,NNP
4404,JJ
4405,NNP
4406,NNP
4407,NNP
4408,NNP
4409,NNP
4410,NNP
4411,NNP
4412,JJ
4413,NNP
4414,NNP
4415,NNP
4416,NNP
4417,NNP
4418,NNP
4419,NNP
4420,NNP
4421,NNP
4422,NNP
4423,NNP
4424,NNP
4425,NNP
4426,NNP
4427,NNP
4428,NNP
4429,NNP
4430,NNP
4431,NNS
4432,NNP
4433,NNP
4434,NNP
4435,NNP
4436,NNP
4437,NNP
4438,JJ
4439,NNP
4440,NNP
4441,NNP
4442,NNPS
4443,NNP
4444,NNP
4445,NNPS
4446,NNS
4447,NNP
4448,NNP
4449,NNP
4450,NNP
4451,NNP
4452,NNP
4453,NNPS
4454,NNP
4455,NNP
4456,NNP
4457,NNP
4458,NNP
4459,NNP
4460,NNP
4461,NNP
4462,NNP
4463,NNP
4464,NNP
4465,NNP
4466,NNP
4467,NNP
4468,NNP
4469,NNP
4470,NNP
4471,NNP
4472,NNP
4473,NNP
4474,NNP
4475,NNP
4476,NNPS
4477,NNP
4478,RB
4479,NNP
4480,NNP
4481,NNP
4482,NNP
4483,NNP
4484,NNP
4485,NNP
4486,NNP
4487,NNP
4488,NNP
4489,NNP
4490,NNP
4491,NNPS
4492,NNP
4493,NNP
4494,NNP
4495,NNP
4496,NNP
4497,NNPS
4498,NNP
4499,NNP
4500,NNP
4501,NNP
4502,NNP
4503,NNP
4504,NN
4505,IN
4506,NNP
4507,NNP
4508,NNPS
4509,NNP
4510,NNPS
4511,NNP
4512,NNP
4513,NNP
4514,NNP
4515,NNP
4516,NNPS
4517,NNP
4518,NNPS
4519,NNP
4520,NNP
4521,NNP
4522,NNP
4523,NNP
4524,NNP
4525,NNPS
4526,NNP
4527,NNP
4528,NNP
4529,NNP
4530,NNP
4531,NNP
4532,NNP
4533,NNP
4534,NNP
4535,NNP
4536,NNP
4537,NNP
4538,NNP
4539,NNP
4540,NNP
4541,NNP
4542,NNP
4543,NNP
4544,NNP
4545,NNP
4546,NNP
4547,NNP
4548,NNP
4549,NNP
4550,NNP
4551,NNP
4552,NNP
4553,NNP
4554,NNP
4555,NNP
4556,NNP
4557,NNP
4558,NNP
4559,NNP
4560,NNP
4561,NNP
4562,NNP
4563,NNP
4564,NNP
4565,NNP
4566,NNP
4567,NNP
4568,NNP
4569,NNP
4570,NNP
4571,NNP
4572,NNP
4573,CD
4574,RB
4575,NNP
4576,NNP
4577,CD
4578,NNP
4579,NNP
4580,NNP
4581,JJ
4582,NNP
4583,NNP
4584,NNP
4585,JJ
4586,NNP
4587,NNS
4588,NNP
4589,NNP
4590,NNP
4591,NNP
4592,NNP
4593,NNP
4594,NNP
4595,NNP
4596,NNP
4597,NNP
4598,NNP
4599,VB
4600,NNP
4601,NNP
4602,NNP
4603,CD
4604,NNP
4605,NN
4606,NNP
4607,NNP
4608,NNP
4609,NNP
4610,CD
4611,NNP
4612,NNP
4613,NNP
4614,NNP
4615,NNP
4616,NNP
4617,NNP
4618,NNP
4619,NNP
4620,NNP
4621,NNP
4622,NNP
4623,NNP
4624,NNP
4625,NNP
4626,NNS
4627,NNP
4628,NNP
4629,NNP
4630,NNP
4631,NNP
4632,NNP
4633,NNP
4634,NNP
4635,NNP
4636,NNP
4637,NNP
4638,NNP
4639,NNP
4640,NNP
4641,NNP
4642,NNP
4643,NNP
4644,NNP
4645,NNP
4646,NNP
4647,NNP
4648,NNP
4649,NNP
4650,NNP
4651,NNP
4652,NNP
4653,NNP
4654,NNP
4655,NNP
4656,NNP
4657,NNP
4658,NNP
4659,NNP
4660,NNP
4661,NNP
4662,NNP
4663,NNP
4664,NNP
4665,NNP
4666,NNP
4667,NNP
4668,NNP
4669,NNP
4670,NNP
4671,NNP
4672,NNP
4673,VBG
4674,NNP
4675,NNP
4676,NNP
4677,NNP
4678,NNP
4679,NNP
4680,NNP
4681,NNP
4682,NNP
4683,NNP
4684,NNP
4685,NNP
4686,CD
4687,NNP
4688,NNP
4689,NNP
4690,NNP
4691,NNP
4692,NNP
4693,NNP
4694,NNP
4695,NNP
4696,NNP
4697,NNP
4698,NNPS
4699,NNP
4700,NNP
4701,NNP
4702,NNP
4703,NNP
4704,NNP
4705,NNP
4706,NNPS
4707,NNP
4708,NNP
4709,NNP
4710,NNP
4711,NNP
4712,NNP
4713,NNP
4714,NNP
4715,NNP
4716,NNP
4717,NNP
4718,NNP
4719,NNP
4720,NNP
4721,NNP
4722,NNP
4723,NNP
4724,NNP
4725,NNP
4726,NNP
4727,NNS
4728,NNP
4729,NNP
4730,NN
4731,NNS
4732,NNP
4733,NNP
4734,NNP
4735,NNP
4736,NNP
4737,NNP
4738,NNP
4739,NNP
4740,NNP
4741,NNP
4742,NNPS
4743,NNP
4744,NNP
4745,NNP
4746,NNP
4747,NNP
4748,NNP
4749,NNP
4750,NNP
4751,NNP
4752,NNP
4753,NNP
4754,NNP
4755,NNP
4756,NNP
4757,NNP
4758,NNP
4759,NNP
4760,NNP
4761,NNP
4762,NNP
4763,NNP
4764,NNP
4765,NNP
4766,NNP
4767,NNP
4768,CD
4769,NNP
4770,CD
4771,NN
4772,NNP
4773,NNP
4774,NNP
4775,NNP
4776,NNP
4777,NNP
4778,NNP
4779,NNP
4780,NNP
4781,NNP
4782,NNP
4783,NNP
4784,NNP
4785,NNP
4786,JJ
4787,NNP
4788,NNP
4789,NNP
4790,NNP
4791,NNP
4792,NNP
4793,NNP
4794,NNP
4795,NNP
4796,NNP
4797,NNP
4798,NNP
4799,NNP
4800,NNP
4801,JJ
4802,JJ
4803,NNP
4804,NNP
4805,NNP
4806,NNP
4807,JJ
4808,NNP
4809,CD
4810,RB
4811,CD
4812,NNS
4813,NNP
4814,NNP
4815,NNP
4816,NNP
4817,NNP
4818,NNP
4819,NNP
4820,NNP
4821,NNP
4822,NNP
4823,NNP
4824,JJ
4825,JJ
4826,NNS
4827,JJ
4828,NNP
4829,NNP
4830,NNP
4831,JJ
4832,NNP
4833,NNP
4834,NNP
4835,NNP
4836,NNP
4837,NNP
4838,NNP
4839,NNP
4840,NNPS
4841,NNP
4842,NNP
4843,NNP
4844,NNP
4845,NNP
4846,NNP
4847,NNP
4848,NNP
4849,NNP
4850,NNP
4851,NNP
4852,NNP
4853,NNP
4854,NNP
4855,JJ
4856,JJ
4857,NNP
4858,NNPS
4859,JJ
4860,NNP
4861,JJ
4862,NNP
4863,NNP
4864,WDT
4865,NNP
4866,NNPS
4867,NNP
4868,NNP
4869,NNP
4870,NNPS
4871,NNP
4872,NNP
4873,NNP
4874,NNP
4875,NNP
4876,NNP
4877,NNP
4878,NNP
4879,NNP
4880,NNP
4881,NNP
4882,NNPS
4883,NNP
4884,NNP
4885,NNP
4886,JJ
4887,NNP
4888,NNP
4889,NNP
4890,NNP
4891,NNP
4892,NNP
4893,NNP
4894,NNP
4895,NNP
4896,NNP
4897,NNP
4898,NNP
4899,NNP
4900,NNP
4901,NNP
4902,NNP
4903,NNP
4904,NNP
4905,NNP
4906,NNP
4907,NNP
4908,RB
4909,NNP
4910,NNP
4911,NNP
4912,NNP
4913,NNP
4914,JJ
4915,NNP
4916,NNP
4917,NNP
4918,NNP
4919,DT
4920,NNP
4921,NNP
4922,NNP
4923,NNP
4924,NNP
4925,NNP
4926,NNP
4927,NNP
4928,NN
4929,NNP
4930,NNP
4931,NNP
4932,NN
4933,NNP
4934,NNS
4935,JJ
4936,NNS
4937,NNP
4938,NNP
4939,NNP
4940,IN
4941,NNP
4942,VBG
4943,NNP
4944,NNP
4945,NNP
4946,NNP
4947,NNP
4948,NNP
4949,NNP
4950,NNP
4951,NNP
4952,NNP
4953,NNP
4954,NNP
4955,NNP
4956,NNP
4957,NNP
4958,NNP
4959,NNP
4960,NNP
4961,NNP
4962,NNP
4963,NNP
4964,NNP
4965,NNP
4966,NNP
4967,NNP
4968,NNP
4969,NNP
4970,NNP
4971,NNP
4972,NNPS
4973,NNP
4974,NNP
4975,NNP
4976,NNP
4977,NNP
4978,NNPS
4979,NNP
4980,NNP
4981,NNPS
4982,NNP
4983,NNP
4984,NNP
4985,NNP
4986,JJ
4987,NNP
4988,NNP
4989,NNP
4990,NNP
4991,NNP
4992,NNP
4993,NNP
4994,NNP
4995,NNP
4996,NNP
4997,NNP
4998,NNP
4999,NNP
5000,NNP
5001,NNP
5002,NNP
5003,NNP
5004,NNP
5005,NNP
5006,NNP
5007,NNP
5008,NNP
5009,NNPS
5010,NNP
5011,NNP
5012,NNP
5013,NNP
5014,NNP
5015,NNP
5016,NNP
5017,NNP
5018,NNP
5019,NNP
5020,VBN
5021,NNP
5022,NNP
5023,NNP
5024,NNP
5025,NNP
5026,NNP
5027,NNP
5028,NNP
5029,NNP
5030,NNP
5031,NNP
5032,JJ
5033,NNP
5034,NNP
5035,NNP
5036,NNP
5037,NNP
5038,NNPS
5039,NNP
5040,NNP
5041,JJ
5042,NNP
5043,NNP
5044,NNP
5045,NNP
5046,NNPS
5047,NNP
5048,NNP
5049,NNP
5050,JJ
5051,NNP
5052,NNP
5053,NNP
5054,NNP
5055,NNP
5056,NNP
5057,NNP
5058,NNP
5059,NNP
5060,NNP
5061,NNP
5062,NNP
5063,NNP
5064,NNP
5065,VB
5066,NNP
5067,NNP
5068,NNP
5069,NNP
5070,NNP
5071,NNP
5072,NNP
5073,NNP
5074,NNP
5075,NNP
5076,JJ
5077,NNP
5078,NNP
5079,NNP
5080,NNP
5081,NNP
5082,NNP
5083,NNP
5084,NNP
5085,NNP
5086,NNP
5087,RB
5088,NNP
5089,NNP
5090,NNP
5091,NNP
5092,NNP
5093,NNP
5094,VBG
5095,NNP
5096,NNP
5097,NNP
5098,NNP
5099,NNP
5100,NNP
5101,NNP
5102,NNP
5103,IN
5104,NNP
5105,NNP
5106,NNP
5107,NNP
5108,NNP
5109,NNP
5110,NNP
5111,NNP
5112,NNP
5113,NNP
5114,NNP
5115,NNP
5116,NNP
5117,NNP
5118,NNPS
5119,NNP
5120,NNP
5121,NNP
5122,NNP
5123,NNPS
5124,NNP
5125,NNP
5126,NNP
5127,NNPS
5128,NNP
5129,NNPS
5130,NNP
5131,NNP
5132,NNP
5133,NNP
5134,NNP
5135,NNP
5136,NNP
5137,NNP
5138,NNP
5139,NNP
5140,NNP
5141,NNP
5142,NNP
5143,NNP
5144,NNP
5145,NNP
5146,JJ
5147,NNP
5148,NNP
5149,NNP
5150,NNP
5151,NNP
5152,NNP
5153,NNP
5154,NNP
5155,NNP
5156,NNP
5157,NNP
5158,NNP
5159,NNP
5160,NNP
5161,NNP
5162,NNP
5163,NNP
5164,NNP
5165,NNP
5166,NNP
5167,NNP
5168,NNP
5169,NN
5170,NNP
5171,NNP
5172,NNP
5173,NNP
5174,NNP
5175,NNP
5176,NNP
5177,NNP
5178,NNP
5179,JJ
5180,NNP
5181,NNP
5182,NNP
5183,NNP
5184,NNP
5185,NNP
5186,NNP
5187,NN
5188,NNP
5189,NNP
5190,NNP
5191,NNS
5192,NNP
5193,NNP
5194,NNP
5195,NNP
5196,NNP
5197,JJ
5198,NNP
5199,NNP
5200,NNP
5201,NNP
5202,NNP
5203,NNP
5204,NNP
5205,NNP
5206,NNP
5207,NNP
5208,NNP
5209,NNP
5210,NNP
5211,NNP
5212,NNP
5213,NNP
5214,NNP
5215,NNP
5216,NNP
5217,NNPS
5218,NNP
5219,NNP
5220,NNP
5221,NNP
5222,NNP
5223,NNP
5224,NNP
5225,RB
5226,NNP
5227,NNP
5228,NNP
5229,NNP
5230,NN
5231,JJ
5232,NNP
5233,NNP
5234,NNP
5235,NNP
5236,NNP
5237,NNP
5238,NNP
5239,NNP
5240,NNP
5241,NNP
5242,NNPS
5243,NNP
5244,NNP
5245,NNP
5246,NNP
5247,NNP
5248,NNP
5249,NNP
5250,NNP
5251,NNP
5252,NNP
5253,NNP
5254,JJ
5255,NNP
5256,NNP
5257,NNP
5258,NNP
5259,NNP
5260,NNP
5261,NNP
5262,NNP
5263,NNP
5264,NNPS
5265,NNP
5266,NNP
5267,NNP
5268,NNP
5269,NNP
5270,NNP
5271,NNP
5272,NNP
5273,NNP
5274,NNP
5275,NNP
5276,NNP
5277,NNP
5278,NNP
5279,NNP
5280,NNP
5281,NNP
5282,NNP
5283,NNP
5284,NNP
5285,NNPS
5286,NNP
5287,NNP
5288,NNP
5289,NNPS
5290,NNP
5291,NNP
5292,NNP
5293,NNPS
5294,NNP
5295,NNPS
5296,NNP
5297,NNP
5298,NNP
5299,NNP
5300,NNP
5301,NNP
5302,NNP
5303,NNP
5304,NNP
5305,NNP
5306,NNPS
5307,NNP
5308,NNPS
5309,NNP
5310,NNP
5311,NNP
5312,NNP
5313,NNP
5314,NNP
5315,NNP
5316,NNP
5317,NNP
5318,NNP
5319,NNP
5320,NNP
5321,JJ
5322,NNP
5323,NNP
5324,NNP
5325,NNP
5326,JJ
5327,JJ
5328,NNP
5329,NNP
5330,NNP
5331,JJ
5332,NNP
5333,NNP
5334,NNP
5335,NNP
5336,NNP
5337,NNP
5338,NNP
5339,NNPS
5340,NNP
5341,NNP
5342,NNP
5343,UH
5344,JJ
5345,NNP
5346,NNP
5347,NNP
5348,NNP
5349,NNP
5350,NNP
5351,NNP
5352,JJ
5353,NNP
5354,NNP
5355,NNP
5356,JJ
5357,NNPS
5358,NNP
5359,NNP
5360,NNP
5361,NNP
5362,NNP
5363,NNP
5364,NNP
5365,NNP
5366,NNP
5367,NNP
5368,NNP
5369,NNP
5370,NNP
5371,JJ
5372,NNP
5373,NNP
5374,NNP
5375,JJ
5376,NNP
5377,NNP
5378,NNP
5379,NNP
5380,NNP
5381,NNP
5382,NNP
5383,NNP
5384,NNP
5385,NNP
5386,NNPS
5387,NNP
5388,NNP
5389,NNP
5390,NNP
5391,NNP
5392,NNP
5393,NNP
5394,NNP
5395,NNP
5396,NNP
5397,NNP
5398,JJ
5399,NNP
5400,NNP
5401,NNP
5402,JJ
5403,NNP
5404,NNP
5405,NNP
5406,NNP
5407,NNP
5408,NNP
5409,NNPS
5410,NNP
5411,NNP
5412,NNP
5413,NNP
5414,NNP
5415,NNP
5416,JJ
5417,NNP
5418,NNP
5419,NNP
5420,JJ
5421,NNP
5422,NNP
5423,NNP
5424,NNP
5425,NNP
5426,NNP
5427,NNP
5428,NNP
5429,NNP
5430,NNP
5431,NNP
5432,NNP
5433,NNP
5434,NNP
5435,NNP
5436,NNP
5437,NNP
5438,NNP
5439,NNP
5440,NNP
5441,NNP
5442,NNP
5443,NNP
5444,NNP
5445,NNP
5446,NNP
5447,NNP
5448,NNP
5449,NNP
5450,NNP
5451,NNP
5452,NNP
5453,JJ
5454,NNP
5455,NNP
5456,NNP
5457,NNP
5458,NNP
5459,NNP
5460,NNP
5461,NNP
5462,NNP
5463,NNP
5464,NNP
5465,NNP
5466,NNP
5467,NNP
5468,NNP
5469,NNP
5470,NNP
5471,NNP
5472,NNP
5473,JJ
5474,NNP
5475,NNP
5476,NNP
5477,NNP
5478,NNP
5479,NNP
5480,NNP
5481,NNP
5482,NNPS
5483,NNP
5484,NNP
5485,NNP
5486,NNP
5487,NNP
5488,NNP
5489,NNP
5490,NNP
5491,NNP
5492,NNP
5493,NNP
5494,NNP
5495,NNP
5496,JJ
5497,NNP
5498,JJ
5499,JJ
5500,NNP
5501,NNP
5502,NNP
5503,NNP
5504,NNPS
5505,NNP
5506,NNP
5507,NNP
5508,NNP
5509,NNP
5510,NNP
5511,NNP
5512,NNPS
5513,NNP
5514,NNP
5515,NNP
5516,NNPS
5517,NNP
5518,NNP
5519,NNP
5520,NNP
5521,NNP
5522,NNP
5523,NNP
5524,NNP
5525,NNP
5526,JJ
5527,NNP
5528,NNP
5529,NNP
5530,NNP
5531,NNP
5532,NNP
5533,NNP
5534,NNP
5535,NNP
5536,NNP
5537,NNP
5538,NNP
5539,NNP
5540,NNP
5541,NNP
5542,NNPS
5543,NNP
5544,NNP
5545,NNP
5546,NNP
5547,NNP
5548,NNP
5549,NNP
5550,NNP
5551,NNP
5552,NNP
5553,NNP
5554,NNP
5555,NNP
5556,NNP
5557,NNP
5558,NNP
5559,NNP
5560,NNP
5561,NNP
5562,JJ
5563,NNP
5564,NNP
5565,NNP
5566,NNP
5567,NNP
5568,NNP
5569,JJ
5570,NNP
5571,NNP
5572,NNP
5573,NNP
5574,NNP
5575,NNP
5576,NNP
5577,NNP
5578,NNP
5579,NNPS
5580,NNP
5581,NNP
5582,NNP
5583,NNP
5584,NNP
5585,NNP
5586,NNP
5587,NNP
5588,NNP
5589,NNP
5590,NNP
5591,NNP
5592,JJ
5593,NNP
5594,NNP
5595,NNP
5596,NNP
5597,NNP
5598,NNP
5599,NNS
5600,NNP
5601,NNP
5602,NNP
5603,NNP
5604,NNP
5605,NNP
5606,NNP
5607,NNP
5608,NNP
5609,NNP
5610,NNP
5611,NNP
5612,NNP
5613,NNP
5614,NNP
5615,NNP
5616,NNP
5617,NNP
5618,NNP
5619,JJ
5620,NNP
5621,NNP
5622,NNP
5623,NNP
5624,NNP
5625,NNP
5626,JJ
5627,NNP
5628,NNP
5629,NNP
5630,JJ
5631,NNP
5632,NNP
5633,JJ
5634,RB
5635,NNP
5636,NNP
5637,NNP
5638,NNP
5639,NNP
5640,NNP
5641,NNP
5642,NNP
5643,NNP
5644,NNP
5645,NNP
5646,NNP
5647,NNP
5648,NNP
5649,NNP
5650,NNP
5651,NNP
5652,NNP
5653,NNP
5654,NNP
5655,NNP
5656,NNP
5657,NNP
5658,JJ
5659,JJ
5660,NNP
5661,NNP
5662,NNP
5663,NNP
5664,VB
5665,NNP
5666,NNP
5667,NNP
5668,NNP
5669,NNP
5670,NNP
5671,NNP
5672,NNP
5673,NNP
5674,NNP
5675,NNP
5676,NNP
5677,RB
5678,NNP
5679,NNP
5680,NNPS
5681,NNP
5682,NNP
5683,NNP
5684,NNP
5685,NNP
5686,NNP
5687,NNP
5688,NNP
5689,NNP
5690,NNP
5691,NNP
5692,NNP
5693,NNP
5694,NNP
5695,NNP
5696,NNP
5697,NNP
5698,NN
5699,NNP
5700,NNP
5701,NNPS
5702,NNP
5703,NNP
5704,NNP
5705,NNP
5706,NNP
5707,NNP
5708,NNP
5709,NNP
5710,NNP
5711,NNP
5712,NNP
5713,NNP
5714,NNP
5715,NNP
5716,NNP
5717,NNP
5718,NNP
5719,NNP
5720,VBG
5721,NNP
5722,NNP
5723,NNP
5724,NNP
5725,NNP
5726,NNP
5727,NNP
5728,NNP
5729,NNP
5730,NNP
5731,NNP
5732,NNP
5733,NNP
5734,JJ
5735,NNP
5736,NNP
5737,NNP
5738,NNP
5739,NN
5740,JJ
5741,NNP
5742,NNP
5743,NNP
5744,NNP
5745,NNP
5746,NNP
5747,NNP
5748,NNP
5749,NNP
5750,NNS
5751,NNP
5752,NNP
5753,NNP
5754,NNP
5755,NNP
5756,NNP
5757,NNP
5758,NNP
5759,NNP
5760,NNP
5761,NNP
5762,NNP
5763,NNP
5764,NNP
5765,NNP
5766,NNP
5767,NNP
5768,NNP
5769,NNP
5770,NNP
5771,NNP
5772,NNP
5773,NNP
5774,NNP
5775,NNP
5776,NNP
5777,NNP
5778,NNP
5779,NNP
5780,NNP
5781,NNP
5782,NNP
5783,NNP
5784,RB
5785,NNP
5786,NNP
5787,NNP
5788,NNP
5789,NNP
5790,NNP
5791,NNP
5792,NNP
5793,NNP
5794,NNP
5795,NNP
5796,NNP
5797,NNP
5798,NNP
5799,NNP
5800,NNP
5801,NNP
5802,NNP
5803,NNP
5804,NNP
5805,CD
5806,NNP
5807,NNP
5808,NNP
5809,NNP
5810,NNP
5811,NNP
5812,NNP
5813,NNP
5814,NNP
5815,NNP
5816,NNP
5817,NNP
5818,NNP
5819,NNP
5820,NNP
5821,NNP
5822,NNP
5823,NNP
5824,NNP
5825,NNP
5826,NNP
5827,NNP
5828,NNP
5829,NNP
5830,NNP
5831,NNP
5832,NNP
5833,NNP
5834,NNP
5835,NNP
5836,VBZ
5837,NNP
5838,NNP
5839,NNP
5840,NNP
5841,NNPS
5842,NNP
5843,NNP
5844,NNP
5845,NNP
5846,NNP
5847,NNP
5848,NNP
5849,NNP
5850,NNP
5851,NNP
5852,NNP
5853,NNP
5854,NNP
5855,NNPS
5856,NNP
5857,NNP
5858,NNP
5859,NNP
5860,NNP
5861,NNP
5862,NNP
5863,NNP
5864,NNP
5865,NNP
5866,NNP
5867,NNP
5868,NNP
5869,NNP
5870,NNP
5871,NNP
5872,NNP
5873,NNP
5874,NNP
5875,NNP
5876,NNP
5877,NNPS
5878,NNP
5879,NNP
5880,NNP
5881,NNP
5882,NNP
5883,NNP
5884,NNP
5885,NNP
5886,NNP
5887,NNP
5888,NNP
5889,NNP
5890,NNP
5891,NNP
5892,NNP
5893,NNP
5894,NNP
5895,NNP
5896,NNP
5897,NNP
5898,NNP
5899,NNP
5900,NNP
5901,NNP
5902,NNP
5903,NNP
5904,NNP
5905,NNP
5906,NNPS
5907,NNP
5908,NNP
5909,NNP
5910,NNP
5911,NNPS
5912,NNP
5913,NNP
5914,NNP
5915,NNP
5916,NNP
5917,NNP
5918,NNP
5919,NNP
5920,NNP
5921,NNP
5922,NNP
5923,NNP
5924,NNP
5925,NNP
5926,NNP
5927,NNP
5928,NNP
5929,NNP
5930,NNP
5931,NNP
5932,NNP
5933,NNP
5934,NNP
5935,NNP
5936,NNP
5937,NNP
5938,NNP
5939,NNP
5940,NNP
5941,NNP
5942,NNP
5943,NNP
5944,NNP
5945,NNP
5946,NNP
5947,NNP
5948,NNP
5949,NNPS
5950,NNP
5951,NNP
5952,NNP
5953,NNPS
5954,NNP
5955,NNP
5956,NNPS
5957,NNP
5958,NNP
5959,NNP
5960,NNP
5961,NNPS
5962,NNP
5963,NNP
5964,NNPS
5965,NNP
5966,NNP
5967,NNPS
5968,NNP
5969,NNP
5970,NNPS
5971,NNP
5972,NNP
5973,NN
5974,NNP
5975,NNPS
5976,NNP
5977,NNP
5978,NNP
5979,NNP
5980,NNP
5981,NNP
5982,NNP
5983,NNP
5984,NNP
5985,NNP
5986,NNP
5987,NNP
5988,NNS
5989,NNP
5990,NNP
5991,NNP
5992,NNP
5993,NNP
5994,NNP
5995,NNP
5996,NNP
5997,NNP
5998,NNP
5999,NNP
6000,NNP
6001,NNP
6002,JJ
6003,NNP
6004,NNP
6005,NNP
6006,NNP
6007,NNP
6008,NNP
6009,NNP
6010,NNP
6011,NNP
6012,NNP
6013,NNP
6014,NNP
6015,NNP
6016,NNP
6017,NNP
6018,NNP
6019,NNP
6020,NNP
6021,NNP
6022,NNP
6023,NNP
6024,NNP
6025,NNP
6026,NNS
6027,NNP
6028,NNP
6029,NNS
6030,NNP
6031,NNP
6032,NNP
6033,NNP
6034,NNP
6035,NNP
6036,NNP
6037,NNP
6038,NNP
6039,NNP
6040,NNP
6041,NNP
6042,NNP
6043,NNPS
6044,NNP
6045,NNP
6046,NNP
6047,NNP
6048,NNP
6049,NNP
6050,NNP
6051,NNP
6052,NNP
6053,NNP
6054,NNP
6055,NNP
6056,NNP
6057,NNP
6058,NNP
6059,NNP
6060,NNS
6061,NNP
6062,NNP
6063,NNP
6064,NNP
6065,NNP
6066,NNP
6067,NNP
6068,NNP
6069,NNP
6070,NNP
6071,NNP
6072,NNPS
6073,NNPS
6074,NNP
6075,NNP
6076,NNP
6077,NNP
6078,NNP
6079,NNP
6080,NNP
6081,NNP
6082,NNP
6083,NNP
6084,NNP
6085,NNP
6086,NNP
6087,NNP
6088,NNP
6089,NNP
6090,JJ
6091,NNP
6092,NNP
6093,NNP
6094,NNP
6095,NNP
6096,JJ
6097,JJ
6098,NNP
6099,JJ
6100,NNP
6101,NNP
6102,NNP
6103,NNP
6104,NNP
6105,NNP
6106,NNP
6107,NNP
6108,NNP
6109,NNP
6110,NNP
6111,NNS
6112,NNP
6113,NNP
6114,NNP
6115,NNP
6116,NNP
6117,NNP
6118,NNP
6119,NNP
6120,NNP
6121,NNP
6122,NNP
6123,NNP
6124,NNP
6125,NNP
6126,NNP
6127,NNP
6128,NNP
6129,NNP
6130,NNP
6131,NNP
6132,NNP
6133,NNP
6134,NNP
6135,NNP
6136,NNP
6137,NNP
6138,RB
6139,NNP
6140,NNP
6141,NNP
6142,NNP
6143,NNP
6144,NNPS
6145,NNP
6146,NNP
6147,RB
6148,NNP
6149,NNP
6150,NNP
6151,JJ
6152,JJ
6153,NNP
6154,NNS
6155,NNP
6156,NNP
6157,JJ
6158,NNP
6159,NNP
6160,NNP
6161,NNP
6162,NNP
6163,NNP
6164,NNP
6165,NNP
6166,NNP
6167,NNP
6168,JJ
6169,NNP
6170,NNP
6171,NNP
6172,NNP
6173,NNP
6174,NNP
6175,NNP
6176,NNP
6177,NNPS
6178,NNP
6179,NNP
6180,NNP
6181,NNP
6182,NNPS
6183,NNP
6184,NNP
6185,NNP
6186,NNP
6187,NNP
6188,NNP
6189,NNP
6190,NNP
6191,NNPS
6192,NNP
6193,NNP
6194,NNP
6195,NNP
6196,JJ
6197,NNP
6198,NNP
6199,NNP
6200,NNP
6201,NNP
6202,NNPS
6203,NNP
6204,NNP
6205,NNP
6206,NNP
6207,NNP
6208,NNP
6209,NNP
6210,NNP
6211,NNP
6212,NNP
6213,NNP
6214,NNP
6215,NNP
6216,NNP
6217,NNP
6218,NNP
6219,NNPS
6220,NNP
6221,NNP
6222,NNP
6223,NNP
6224,NNP
6225,NNP
6226,NNPS
6227,NNP
6228,NNP
6229,NNP
6230,NNP
6231,NNP
6232,NNP
6233,NNP
6234,NNP
6235,NNP
6236,NNP
6237,NNP
6238,NNP
6239,NNP
6240,NNP
6241,NNP
6242,NNP
6243,NNP
6244,NNPS
6245,NNP
6246,NNP
6247,NNP
6248,NNP
6249,NNP
6250,NNP
6251,NNP
6252,NNP
6253,NNP
6254,NNP
6255,NNP
6256,NNP
6257,NNP
6258,NNPS
6259,NNP
6260,NNPS
6261,NNP
6262,NNP
6263,NNP
6264,NNP
6265,NNP
6266,NNP
6267,NNPS
6268,NNP
6269,NNP
6270,NNP
6271,NNP
6272,NNP
6273,NNP
6274,NNP
6275,NNP
6276,NNP
6277,NNP
6278,NNP
6279,NNP
6280,NNP
6281,NNP
6282,NNP
6283,NNP
6284,NNP
6285,NNP
6286,NNP
6287,NNP
6288,NNP
6289,NNP
6290,NNP
6291,NNP
6292,JJ
6293,NNP
6294,NNP
6295,NNP
6296,NNP
6297,NNP
6298,NNP
6299,NNP
6300,NNP
6301,NNP
6302,NNP
6303,NNP
6304,NNP
6305,NNP
6306,NNP
6307,NNP
6308,NNP
6309,NNP
6310,NNP
6311,NNP
6312,NNP
6313,CD
6314,NNP
6315,NNP
6316,NNP
6317,NNP
6318,NNP
6319,NNP
6320,CD
6321,NNP
6322,NNP
6323,NNP
6324,NNP
6325,NNP
6326,NNP
6327,NNP
6328,NNS
6329,NNP
6330,NNP
6331,NNP
6332,NNP
6333,NNP
6334,NNP
6335,NNP
6336,NNP
6337,NNP
6338,NNPS
6339,NNPS
6340,NNP
6341,NNP
6342,NNP
6343,NNP
6344,NNP
6345,NNP
6346,NNPS
6347,NNP
6348,NNP
6349,NNP
6350,NNP
6351,NNP
6352,NNP
6353,NNP
6354,NNP
6355,NNP
6356,NNP
6357,NNP
6358,NNP
6359,NNP
6360,NNP
6361,NNP
6362,NNP
6363,NNP
6364,NNP
6365,NNPS
6366,NNPS
6367,NNP
6368,NNP
6369,NNP
6370,NNP
6371,NNP
6372,NNP
6373,NNP
6374,NNP
6375,NNP
6376,NNP
6377,NNP
6378,NNP
6379,NNP
6380,NNP
6381,NN
6382,NNP
6383,NNP
6384,NNP
6385,NNP
6386,NNP
6387,NNP
6388,NNP
6389,JJ
6390,NNP
6391,NNPS
6392,NNP
6393,NNPS
6394,NNP
6395,NNP
6396,NNP
6397,NNP
6398,NNP
6399,NNP
6400,NNP
6401,NNP
6402,NNP
6403,NNP
6404,NNP
6405,NNP
6406,NNP
6407,NNP
6408,NNP
6409,NNP
6410,NNP
6411,NNP
6412,NNP
6413,NNP
6414,NNP
6415,NNP
6416,NNP
6417,NNP
6418,NNP
6419,NNP
6420,NNP
6421,NNP
6422,NNP
6423,NNP
6424,NNP
6425,NNP
6426,NNP
6427,NNP
6428,NNP
6429,NNP
6430,NNP
6431,NNP
6432,NNP
6433,NNP
6434,NNP
6435,RB
6436,NNP
6437,NN
6438,NNP
6439,NNP
6440,NNP
6441,NNP
6442,NNP
6443,NNP
6444,NNP
6445,NNP
6446,NNP
6447,NNP
6448,NNPS
6449,NNP
6450,NNP
6451,NNP
6452,NNPS
6453,NNP
6454,NNPS
6455,NNP
6456,NNPS
6457,NNP
6458,NNP
6459,NNP
6460,NNP
6461,NNP
6462,NNP
6463,NN
6464,NNP
6465,NNP
6466,NNP
6467,NNP
6468,NNP
6469,NNP
6470,NNP
6471,NNP
6472,NNP
6473,NNP
6474,NNP
6475,NNP
6476,NNP
6477,NNP
6478,NNP
6479,NNP
6480,NNP
6481,NNP
6482,NNP
6483,NNP
6484,NNP
6485,NNP
6486,NNP
6487,NNP
6488,NNP
6489,NNP
6490,NNP
6491,NNP
6492,NNP
6493,NNP
6494,NNP
6495,NNP
6496,NNP
6497,NNP
6498,NNP
6499,NNP
6500,NNP
6501,NNP
6502,NNP
6503,NNP
6504,NNP
6505,NNP
6506,NNP
6507,NNP
6508,NNP
6509,NNP
6510,NNP
6511,NNP
6512,NNP
6513,NNP
6514,NNP
6515,NNP
6516,NNP
6517,NNP
6518,NNP
6519,NNP
6520,NNP
6521,NNP
6522,NNP
6523,NNP
6524,NNP
6525,NNP
6526,NNP
6527,NNP
6528,NNP
6529,NNP
6530,NNP
6531,NNP
6532,NNP
6533,NNP
6534,NNP
6535,NNP
6536,NNP
6537,NNP
6538,NNP
6539,NNP
6540,NNP
6541,NNP
6542,NNP
6543,NNP
6544,NNP
6545,NNP
6546,NNP
6547,NNP
6548,NNP
6549,NNP
6550,NNP
6551,NNP
6552,NNP
6553,NNP
6554,NNP
6555,NNP
6556,NNP
6557,NNP
6558,NNP
6559,NNP
6560,NNP
6561,NNP
6562,NNP
6563,NNP
6564,JJ
6565,NNP
6566,NNP
6567,NNP
6568,NNP
6569,NNP
6570,NNP
6571,NNP
6572,NNP
6573,NNP
6574,NNP
6575,NNP
6576,NNP
6577,NNP
6578,NNP
6579,NNP
6580,NNP
6581,NNP
6582,NNP
6583,NNP
6584,NNP
6585,NNP
6586,NNP
6587,NNP
6588,NNP
6589,NNP
6590,NNP
6591,NNP
6592,NNP
6593,NNP
6594,NNP
6595,NNP
6596,NNP
6597,NNP
6598,NNP
6599,NNP
6600,NNP
6601,NNP
6602,NNP
6603,NNP
6604,NNP
6605,NNP
6606,NNP
6607,NNP
6608,NNP
6609,NNP
6610,NNPS
6611,JJ
6612,NNP
6613,NNP
6614,NNP
6615,NNP
6616,NNP
6617,NNP
6618,NNP
6619,NNP
6620,NNP
6621,NNP
6622,NNP
6623,NNP
6624,NNP
6625,NNP
6626,NNP
6627,NNP
6628,NNP
6629,NNP
6630,NNP
6631,NNP
6632,NNP
6633,NNP
6634,NNP
6635,NNP
6636,NNP
6637,NNP
6638,NNPS
6639,NNP
6640,NNPS
6641,NNP
6642,NNPS
6643,NNP
6644,NNP
6645,NNPS
6646,NNP
6647,NNP
6648,NNP
6649,NNP
6650,NNP
6651,NNP
6652,NNP
6653,NNP
6654,NNP
6655,NNP
6656,NNP
6657,NNP
6658,NNP
6659,NNPS
6660,NNP
6661,NNPS
6662,NNP
6663,NNP
6664,NNP
6665,NNP
6666,NNP
6667,NNP
6668,NNP
6669,NNP
6670,NNP
6671,NNP
6672,NNP
6673,NNP
6674,NNP
6675,NNP
6676,NNP
6677,NNP
6678,NNP
6679,NNP
6680,NNP
6681,NNP
6682,NNP
6683,NNP
6684,NNP
6685,NNP
6686,NNP
6687,NNPS
6688,NNP
6689,NNP
6690,NNP
6691,NNP
6692,NNPS
6693,NNP
6694,NNP
6695,NNP
6696,NNP
6697,NNP
6698,NNP
6699,NNP
6700,NNP
6701,NNP
6702,NNP
6703,NNP
6704,NNP
6705,VBG
6706,JJ
6707,NNP
6708,NNP
6709,NNP
6710,NNP
6711,NNP
6712,NNP
6713,NNP
6714,NNP
6715,NNP
6716,NNP
6717,NNP
6718,NNP
6719,NNP
6720,NNP
6721,JJ
6722,NNP
6723,NNP
6724,NNP
6725,NNP
6726,NNP
6727,NNP
6728,NNP
6729,NNP
6730,NNP
6731,NNP
6732,NNP
6733,NNP
6734,NNP
6735,NNP
6736,NNP
6737,NNP
6738,NNP
6739,NNP
6740,NNP
6741,NNP
6742,NNP
6743,NNP
6744,NNP
6745,NNP
6746,NNP
6747,NNP
6748,NNP
6749,NNP
6750,NNP
6751,NNP
6752,NNP
6753,NNP
6754,NNP
6755,NNP
6756,NNP
6757,NNP
6758,JJ
6759,NNP
6760,NNP
6761,NNP
6762,NNP
6763,NNP
6764,NNP
6765,NNP
6766,NNS
6767,NNP
6768,NNS
6769,NNP
6770,NNP
6771,NNP
6772,NNP
6773,NNP
6774,NNP
6775,NNP
6776,NNP
6777,NNP
6778,NNP
6779,NNPS
6780,NNP
6781,NNP
6782,NNP
6783,NNP
6784,NNP
6785,NNP
6786,NNP
6787,NNP
6788,NNP
6789,NNP
6790,NNP
6791,NNP
6792,NNS
6793,NNP
6794,NNP
6795,NNP
6796,NNP
6797,JJ
6798,NNP
6799,NNP
6800,NNP
6801,NNP
6802,NNP
6803,NNP
6804,NN
6805,NNP
6806,NNP
6807,NNP
6808,NNP
6809,NNP
6810,NNP
6811,NNP
6812,NNP
6813,NNP
6814,NNPS
6815,NNP
6816,NNP
6817,NNP
6818,NNP
6819,NNP
6820,NNP
6821,NNP
6822,NNP
6823,NNP
6824,NNP
6825,NNP
6826,NNP
6827,NNP
6828,NNP
6829,NNP
6830,NNP
6831,NNP
6832,NNPS
6833,NNP
6834,NNPS
6835,NNP
6836,NNP
6837,NNP
6838,NNP
6839,NNP
6840,NNP
6841,NNP
6842,JJ
6843,NNP
6844,NNP
6845,NNP
6846,NNP
6847,NNP
6848,NNP
6849,NNP
6850,NNP
6851,NNP
6852,NNP
6853,NNP
6854,NNP
6855,NNP
6856,NNP
6857,NNP
6858,NNP
6859,NNP
6860,NNP
6861,NNP
6862,NNP
6863,NNP
6864,NNP
6865,JJ
6866,NNP
6867,JJ
6868,NNP
6869,NNP
6870,NNP
6871,NNP
6872,NNP
6873,NNPS
6874,NNP
6875,NNP
6876,NNP
6877,NNP
6878,NNP
6879,NNP
6880,NNPS
6881,NNP
6882,NNP
6883,NNP
6884,NNPS
6885,NNP
6886,NNP
6887,NNP
6888,NNP
6889,NNP
6890,NNP
6891,NNP
6892,NNP
6893,NNP
6894,NNP
6895,NNP
6896,NNP
6897,NNP
6898,NNP
6899,NNP
6900,NNP
6901,NNP
6902,NNP
6903,NNP
6904,NNP
6905,NNP
6906,JJ
6907,NNP
6908,NNP
6909,NNP
6910,NNP
6911,NNP
6912,NNP
6913,NNP
6914,NNP
6915,NNP
6916,NNP
6917,NNP
6918,NNP
6919,NNP
6920,NNP
6921,NNP
6922,NNP
6923,NNP
6924,NNP
6925,NNP
6926,NNP
6927,NNP
6928,NNP
6929,CD
6930,JJ
6931,NNP
6932,NNP
6933,NNP
6934,JJ
6935,NNP
6936,NNP
6937,NNP
6938,NNP
6939,NNP
6940,NNP
6941,CD
6942,NNP
6943,NNP
6944,NNP
6945,NNP
6946,NNP
6947,JJ
6948,JJ
6949,NNP
6950,NNP
6951,NNP
6952,NNP
6953,NNP
6954,NNP
6955,NNP
6956,NNP
6957,NNP
6958,NNPS
6959,NNP
6960,NNP
6961,NNP
6962,NNP
6963,NNP
6964,NNP
6965,NNP
6966,NNP
6967,NNPS
6968,NNP
6969,NNP
6970,NNP
6971,JJ
6972,JJ
6973,NN
6974,JJ
6975,JJ
6976,NNP
6977,NNP
6978,NNP
6979,JJ
6980,NNP
6981,NNPS
6982,NNP
6983,NNP
6984,NNP
6985,NNP
6986,NNP
6987,NNP
6988,NNP
6989,NNP
6990,NNP
6991,JJ
6992,NNP
6993,NNP
6994,NNP
6995,NNP
6996,NNP
6997,VBP
6998,NNP
6999,CD
7000,NNP
7001,NNP
7002,NNP
7003,NNP
7004,NNP
7005,NNP
7006,NNP
7007,CD
7008,NNP
7009,NNP
7010,NNP
7011,CD
7012,NNP
7013,NNP
7014,NNP
7015,NNP
7016,NNP
7017,NNP
7018,NNP
7019,NNP
7020,NNP
7021,NNP
7022,NNP
7023,NNP
7024,NNP
7025,NNP
7026,NNP
7027,NNP
7028,NNP
7029,NNP
7030,NNP
7031,NNP
7032,NNP
7033,NNP
7034,NNP
7035,NNP
7036,NNP
7037,NNP
7038,NNP
7039,NNP
7040,NNP
7041,NNP
7042,NNP
7043,NNP
7044,NNP
7045,NNPS
7046,NNP
7047,NNP
7048,NNP
7049,NNP
7050,NNP
7051,NNP
7052,NNP
7053,NNP
7054,NNP
7055,NNP
7056,NNP
7057,NNP
7058,NNP
7059,NNP
7060,NNP
7061,NNP
7062,NNP
7063,NNP
7064,RB
7065,NNP
7066,NNP
7067,NNP
7068,NNP
7069,NNP
7070,NNP
7071,NNP
7072,NNP
7073,NNP
7074,NNPS
7075,NNP
7076,NNP
7077,NNP
7078,NNP
7079,NNP
7080,NNP
7081,NNP
7082,NNP
7083,NNP
7084,NNP
7085,NNP
7086,NNP
7087,NNP
7088,NNP
7089,NNP
7090,NNP
7091,NNP
7092,NNP
7093,RB
7094,NNP
7095,NNP
7096,NNP
7097,NNP
7098,NNP
7099,NNPS
7100,NNP
7101,NNP
7102,NNP
7103,NNP
7104,NNP
7105,NNP
7106,NNP
7107,NNP
7108,NNP
7109,NNP
7110,NNP
7111,NNP
7112,NNP
7113,NNP
7114,NNP
7115,NNP
7116,NNS
7117,JJ
7118,NNP
7119,NNP
7120,NNP
7121,JJ
7122,NNP
7123,NNP
7124,NNP
7125,NNP
7126,NNP
7127,NNP
7128,NNP
7129,NNP
7130,NNP
7131,NNP
7132,NNP
7133,NNP
7134,NNS
7135,NNP
7136,NNP
7137,NNP
7138,NNP
7139,NNP
7140,NNP
7141,NNP
7142,NNP
7143,NNP
7144,NNP
7145,NNP
7146,NNP
7147,NNP
7148,NNP
7149,NNP
7150,NNP
7151,NNP
7152,NNP
7153,NNP
7154,NNP
7155,NNP
7156,NNP
7157,NNP
7158,NNP
7159,NNP
7160,NNP
7161,NNP
7162,NNP
7163,NNP
7164,NNP
7165,NNP
7166,NNP
7167,NNP
7168,NNP
7169,NNP
7170,NNP
7171,NNP
7172,JJ
7173,JJ
7174,JJ
7175,NNP
7176,NNP
7177,NNP
7178,NNP
7179,NNP
7180,NNP
7181,NNP
7182,NNP
7183,NNP
7184,NNP
7185,NNP
7186,NNP
7187,NNP
7188,NNP
7189,NNP
7190,NNP
7191,NNP
7192,NNP
7193,NNP
7194,NNP
7195,NNP
7196,JJ
7197,NNP
7198,NNP
7199,NNP
7200,NNP
7201,NNP
7202,NNP
7203,NNP
7204,NNP
7205,NNP
7206,NNP
7207,NNP
7208,NNP
7209,NNP
7210,NNP
7211,NNP
7212,NNP
7213,NNP
7214,NNP
7215,NNP
7216,NNP
7217,NNP
7218,NNP
7219,NNP
7220,NNP
7221,NNP
7222,NNP
7223,NNP
7224,NNP
7225,NNP
7226,NNP
7227,NNP
7228,NNP
7229,NNP
7230,NNP
7231,NNP
7232,NNP
7233,NNP
7234,NNP
7235,NNP
7236,NNP
7237,NNP
7238,NNP
7239,NNP
7240,NNP
7241,NNP
7242,NNPS
7243,NNP
7244,NNP
7245,NNP
7246,NNP
7247,NNPS
7248,NNP
7249,NNP
7250,NNP
7251,NNP
7252,NNP
7253,NNP
7254,NNP
7255,NNP
7256,NNP
7257,NNP
7258,NNP
7259,NNP
7260,NNP
7261,NNP
7262,NNP
7263,NNP
7264,NNP
7265,NNP
7266,NNP
7267,NNP
7268,NNP
7269,NNP
7270,NNP
7271,NNP
7272,NNP
7273,NNP
7274,NNP
7275,NNP
7276,NNP
7277,NNP
7278,NNP
7279,NNP
7280,NNP
7281,NNP
7282,NNP
7283,NNP
7284,NNP
7285,NNP
7286,JJ
7287,NNP
7288,NNP
7289,NNP
7290,NNP
7291,NNP
7292,NNP
7293,NNP
7294,NNPS
7295,NNP
7296,NNP
7297,NNP
7298,NNPS
7299,NNP
7300,NNP
7301,NNP
7302,NNP
7303,NNPS
7304,NNP
7305,NN
7306,NNP
7307,NNP
7308,NNP
7309,NNP
7310,NNP
7311,NNP
7312,NNP
7313,NNP
7314,NNP
7315,NNP
7316,NNPS
7317,NNP
7318,NNP
7319,NNP
7320,NNP
7321,NNP
7322,NNP
7323,NNP
7324,NNP
7325,NNP
7326,NNP
7327,NNP
7328,NNP
7329,NNP
7330,NNP
7331,NNP
7332,NNP
7333,NNP
7334,NNS
7335,NNP
7336,NNPS
7337,NNP
7338,NNP
7339,NNP
7340,NNP
7341,NNP
7342,NNP
7343,VBG
7344,NNP
7345,NNP
7346,NNP
7347,NNP
7348,NNP
7349,NNP
7350,NNP
7351,NNP
7352,NNP
7353,NNP
7354,NNP
7355,NNP
7356,NNP
7357,NNP
7358,NNP
7359,NNP
7360,NN
7361,NNP
7362,NNP
7363,NNP
7364,NNP
7365,NNP
7366,NNP
7367,NNP
7368,NNP
7369,NNP
7370,NNP
7371,NNPS
7372,NNP
7373,NNP
7374,NNP
7375,NNP
7376,NNP
7377,CD
7378,NNP
7379,NNP
7380,NNP
7381,NNP
7382,NNP
7383,NNS
7384,NNP
7385,NNP
7386,NNP
7387,NNP
7388,NNP
7389,NNS
7390,NNP
7391,NNP
7392,NNP
7393,NNP
7394,NNP
7395,NNP
7396,NNP
7397,NNP
7398,NNP
7399,NNP
7400,NNP
7401,NNP
7402,NNP
7403,NNP
7404,NNP
7405,NNP
7406,NNP
7407,NNP
7408,NNP
7409,NNP
7410,NNP
7411,NNP
7412,NNP
7413,NNP
7414,NNP
7415,NNP
7416,NNP
7417,NNP
7418,NNP
7419,NNP
7420,NNP
7421,NNP
7422,NNP
7423,NNP
7424,NNP
7425,NNP
7426,NNP
7427,NNP
7428,NNP
7429,NNP
7430,NNP
7431,NNP
7432,JJ
7433,NNP
7434,NNP
7435,NNP
7436,NNP
7437,JJ
7438,NNP
7439,NNP
7440,JJ
7441,NNP
7442,NNP
7443,NNP
7444,NNP
7445,JJ
7446,NNP
7447,NNP
7448,NNP
7449,NNP
7450,NNP
7451,NNP
7452,NNP
7453,NNP
7454,NNP
7455,NNP
7456,NNP
7457,NNP
7458,NNP
7459,NNP
7460,JJ
7461,NNP
7462,NNP
7463,NNP
7464,NNP
7465,CD
7466,NNP
7467,NNP
7468,NNP
7469,CD
7470,RB
7471,NNP
7472,NNP
7473,NNP
7474,NNP
7475,NNP
7476,NNP
7477,NNP
7478,NNP
7479,NNP
7480,NNP
7481,NNP
7482,NNP
7483,NNP
7484,NNP
7485,NNP
7486,NNP
7487,NNP
7488,NNP
7489,NNP
7490,NNP
7491,NNP
7492,NNP
7493,NNP
7494,NNP
7495,NNP
7496,NNP
7497,NNP
7498,NNP
7499,NNPS
7500,NNP
7501,NNP
7502,NNP
7503,NNPS
7504,NNP
7505,NNP
7506,NNP
7507,NNP
7508,NNP
7509,NNP
7510,NNP
7511,NNP
7512,NNP
7513,NNP
7514,NNP
7515,NNP
7516,NNP
7517,NNP
7518,NNP
7519,VBZ
7520,NNP
7521,NNP
7522,NNP
7523,NNP
7524,NNP
7525,NNP
7526,NNP
7527,NNP
7528,NNP
7529,NNP
7530,CD
7531,NNPS
7532,NNP
7533,NNP
7534,CD
7535,NNP
7536,NNP
7537,NNP
7538,NNP
7539,RB
7540,CD
7541,NNPS
7542,CD
7543,NNP
7544,NNP
7545,NNP
7546,NNS
7547,JJ
7548,NNP
7549,NNP
7550,NNP
7551,NNP
7552,NNPS
7553,NNP
7554,NNP
7555,CD
7556,NNPS
7557,NNP
7558,NNP
7559,NNP
7560,CD
7561,NNP
7562,NNP
7563,NNP
7564,JJ
7565,NNPS
7566,NNS
7567,NNP
7568,JJ
7569,NNP
7570,NNPS
7571,NNP
7572,NNP
7573,NNS
7574,NNP
7575,NNP
7576,NNP
7577,NNP
7578,NNP
7579,NNP
7580,NNP
7581,NNP
7582,NNP
7583,NNP
7584,NNP
7585,NNP
7586,NNP
7587,NNP
7588,NNP
7589,NNP
7590,NNP
7591,NNP
7592,NNP
7593,NNP
7594,NNP
7595,NNP
7596,NNP
7597,NNP
7598,NNP
7599,NNP
7600,NNP
7601,NNP
7602,CD
7603,NNP
7604,NNP
7605,NNP
7606,NNP
7607,NNP
7608,NNP
7609,NNP
7610,NNP
7611,NNP
7612,NNP
7613,NN
7614,NNP
7615,NNP
7616,JJ
7617,NNPS
7618,NNP
7619,NNPS
7620,NNP
7621,NNP
7622,NNP
7623,JJ
7624,NNP
7625,NNP
7626,NNP
7627,NNP
7628,NNP
7629,JJ
7630,NNP
7631,NNP
7632,NNP
7633,NNP
7634,NNPS
7635,NNP
7636,NNP
7637,NNP
7638,NNP
7639,NNP
7640,NNP
7641,NNP
7642,NNP
7643,NNP
7644,NNP
7645,NNP
7646,NNP
7647,NNP
7648,NNP
7649,NNP
7650,NNP
7651,NNP
7652,NNP
7653,NNP
7654,NNP
7655,NNP
7656,NNP
7657,NNP
7658,NNP
7659,NNP
7660,NNP
7661,NNP
7662,NNP
7663,NNP
7664,NNP
7665,NNP
7666,NNP
7667,IN
7668,NNP
7669,IN
7670,NNP
7671,NNP
7672,NNP
7673,NNP
7674,NNP
7675,NNP
7676,NNP
7677,NNP
7678,NNP
7679,NNP
7680,NNP
7681,NNP
7682,NNP
7683,NNP
7684,NNP
7685,NNP
7686,NNP
7687,NNP
7688,JJ
7689,NNP
7690,NNP
7691,NNP
7692,NNP
7693,NNP
7694,NNP
7695,NNP
7696,NNP
7697,NNP
7698,NNP
7699,NNP
7700,NNP
7701,JJR
7702,NNP
7703,NNP
7704,NNP
7705,NNP
7706,NNP
7707,NNP
7708,NNP
7709,NNP
7710,NNP
7711,NNP
7712,NNP
7713,NNP
7714,NNP
7715,NNP
7716,NNP
7717,NNP
7718,NNP
7719,NNP
7720,NNP
7721,NNP
7722,NNP
7723,NNP
7724,NNP
7725,NNP
7726,NNP
7727,NNP
7728,NNP
7729,NNP
7730,NNP
7731,NNP
7732,NNP
7733,NNP
7734,NNP
7735,NNP
7736,NNP
7737,NNP
7738,NNP
7739,NNP
7740,NNP
7741,NNP
7742,NNP
7743,NNP
7744,NNP
7745,NNP
7746,NNP
7747,NNP
7748,NNP
7749,NNP
7750,NNP
7751,NNP
7752,NNP
7753,NNP
7754,NNP
7755,NNP
7756,NNP
7757,NNP
7758,NNP
7759,NNP
7760,NNP
7761,NNP
7762,NNP
7763,NNP
7764,NNP
7765,NNP
7766,NNP
7767,NNP
7768,NNP
7769,NNP
7770,NNP
7771,NNP
7772,NNP
7773,NNP
7774,NNP
7775,NNP
7776,NNP
7777,NNP
7778,NN
7779,NNP
7780,NNP
7781,NNP
7782,NNP
7783,NNP
7784,NNP
7785,NNP
7786,NNP
7787,NNP
7788,NNP
7789,NNP
7790,NNP
7791,NNP
7792,NNP
7793,NNP
7794,NNP
7795,NNP
7796,NNP
7797,NNP
7798,NNP
7799,NNP
7800,NNP
7801,NNP
7802,NNP
7803,NNP
7804,NNP
7805,NNP
7806,NNP
7807,NNP
7808,NNP
7809,NNP
7810,NNP
7811,NNP
7812,NNP
7813,JJ
7814,NNP
7815,NNP
7816,NNP
7817,NNP
7818,NNP
7819,NNP
7820,NNP
7821,NNP
7822,NNP
7823,NNP
7824,NNP
7825,NNP
7826,NNP
7827,NNP
7828,NNP
7829,NNP
7830,NNP
7831,NNP
7832,NNP
7833,NNP
7834,NNP
7835,NNP
7836,NNP
7837,NNP
7838,NNP
7839,NNP
7840,NNP
7841,NNP
7842,NNP
7843,NNP
7844,NNP
7845,NNP
7846,JJ
7847,NNP
7848,NNP
7849,NNP
7850,NNP
7851,JJ
7852,NNP
7853,NNP
7854,NNP
7855,NNP
7856,NNP
7857,NNP
7858,NNP
7859,NNP
7860,NNP
7861,NNP
7862,NNP
7863,NNP
7864,NNP
7865,NNP
7866,NNP
7867,NNP
7868,NNP
7869,NNP
7870,NNP
7871,NNP
7872,NNP
7873,NNP
7874,NNP
7875,NNP
7876,NNP
7877,NNP
7878,NNP
7879,NNPS
7880,NNP
7881,NNP
7882,NNP
7883,NNPS
7884,NNP
7885,NNP
7886,NNP
7887,NNP
7888,NNP
7889,NNPS
7890,NNP
7891,NNP
7892,NNP
7893,NNP
7894,NNP
7895,NNP
7896,NNP
7897,NNP
7898,NNPS
7899,NNP
7900,NNP
7901,NNP
7902,NNP
7903,NNP
7904,NNP
7905,NNP
7906,NNP
7907,NNP
7908,NNP
7909,NNP
7910,JJ
7911,NNP
7912,NNP
7913,NNP
7914,NNP
7915,NNP
7916,NNP
7917,NNP
7918,NNP
7919,NNP
7920,NNP
7921,NNP
7922,NNPS
7923,NNP
7924,NNP
7925,NNP
7926,NN
7927,NNP
7928,NNP
7929,NNP
7930,NNP
7931,NNP
7932,NNP
7933,NNP
7934,NNP
7935,NNP
7936,JJ
7937,NNPS
7938,NNP
7939,NNP
7940,NNP
7941,NNP
7942,NNP
7943,NNP
7944,NN
7945,NNP
7946,NNP
7947,NNP
7948,NNP
7949,NNP
7950,NNP
7951,NN
7952,NNP
7953,NNP
7954,NNP
7955,CD
7956,NNPS
7957,NNP
7958,NNP
7959,NNP
7960,NNP
7961,NNP
7962,NNP
7963,NNP
7964,NNP
7965,NNP
7966,NNP
7967,NNP
7968,NNP
7969,NNP
7970,NNP
7971,NNP
7972,NNP
7973,NNP
7974,NNP
7975,NNP
7976,NNP
7977,NNP
7978,NNP
7979,NNP
7980,NNP
7981,NNP
7982,NNP
7983,NNP
7984,NNP
7985,NNP
7986,NNP
7987,NNP
7988,NNP
7989,NNP
7990,NNP
7991,NNP
7992,JJ
7993,NNP
7994,NNP
7995,NNP
7996,NNP
7997,NNP
7998,NNPS
7999,NNP
8000,NNP
8001,NNP
8002,NNP
8003,NNP
8004,NNP
8005,NNP
8006,NNPS
8007,NNP
8008,NNP
8009,JJ
8010,NNP
8011,NNP
8012,NNP
8013,NNP
8014,NNP
8015,NNP
8016,NNP
8017,JJ
8018,NNP
8019,NNPS
8020,NNP
8021,NNP
8022,NNP
8023,NNP
8024,NNP
8025,NNP
8026,NNP
8027,NNP
8028,NNP
8029,NNP
8030,NNP
8031,NNP
8032,NNP
8033,NNP
8034,NNP
8035,NNP
8036,NNP
8037,NNP
8038,NNP
8039,NNP
8040,NNP
8041,NNP
8042,NNP
8043,NNP
8044,NNP
8045,NNP
8046,NNP
8047,NNP
8048,NNP
8049,NNP
8050,NNP
8051,NNP
8052,NNP
8053,NNP
8054,NNP
8055,NNP
8056,NNP
8057,NNP
8058,RB
8059,NNP
8060,NNP
8061,NNP
8062,NNP
8063,NNP
8064,NNP
8065,NNP
8066,NNP
8067,NNP
8068,NNP
8069,NNP
8070,NNP
8071,NNP
8072,NNP
8073,NNP
8074,NNP
8075,NNP
8076,NNP
8077,NNP
8078,NNP
8079,NNP
8080,NNP
8081,NNP
8082,NNP
8083,NNP
8084,NNP
8085,NNP
8086,NNP
8087,NNP
8088,NNP
8089,NNP
8090,NNP
8091,NNP
8092,NNP
8093,NNP
8094,NNP
8095,NNP
8096,NNP
8097,NNP
8098,NNP
8099,NNP
8100,NNP
8101,NNP
8102,NNP
8103,NNP
8104,NNP
8105,NNP
8106,NNP
8107,NNP
8108,NNP
8109,NNP
8110,NNP
8111,NNP
8112,NNP
8113,NNP
8114,NNP
8115,NNP
8116,NNP
8117,NNP
8118,NNP
8119,NNP
8120,NNP
8121,NNP
8122,NNP
8123,NNP
8124,NNP
8125,NNP
8126,NNP
8127,NNP
8128,NNP
8129,NNP
8130,NNP
8131,NNP
8132,NNP
8133,NNP
8134,NNP
8135,NNP
8136,NNP
8137,NNP
8138,NNP
8139,NNP
8140,NNP
8141,NNP
8142,NNP
8143,NNP
8144,NNP
8145,JJ
8146,NNPS
8147,NNP
8148,NNP
8149,NNP
8150,NNP
8151,NNP
8152,NNP
8153,NNP
8154,JJ
8155,NNP
8156,NNP
8157,NNP
8158,NNP
8159,NNP
8160,NNP
8161,NNP
8162,NNP
8163,NNP
8164,NNP
8165,NNP
8166,NNP
8167,NNP
8168,NNP
8169,NNP
8170,NNP
8171,NNP
8172,NNP
8173,NNP
8174,NNPS
8175,NNPS
8176,NNP
8177,NNPS
8178,NNP
8179,NNP
8180,NNP
8181,NNP
8182,JJ
8183,NNP
8184,NNP
8185,NNP
8186,JJ
8187,NNP
8188,NNP
8189,JJ
8190,NNP
8191,NNP
8192,NNP
8193,IN
8194,NNP
8195,NNP
8196,NNP
8197,NNP
8198,NNPS
8199,NNP
8200,NNP
8201,NNP
8202,NNP
8203,NNP
8204,NNP
8205,NNP
8206,NNP
8207,NNP
8208,NNP
8209,NNPS
8210,NNP
8211,NNP
8212,NNP
8213,NNP
8214,NNP
8215,NNP
8216,NNP
8217,NNP
8218,NNP
8219,NNP
8220,NNP
8221,NNP
8222,NNP
8223,NNP
8224,NNP
8225,NNP
8226,NNP
8227,NNP
8228,NNP
8229,NNP
8230,NNP
8231,NNP
8232,NNP
8233,NNPS
8234,JJ
8235,NNP
8236,NNP
8237,NNP
8238,JJ
8239,NNP
8240,NNP
8241,NNP
8242,NNP
8243,NNP
8244,NNP
8245,NNP
8246,NNP
8247,NNPS
8248,NNP
8249,NNP
8250,JJ
8251,UH
8252,JJ
8253,NNP
8254,NNP
8255,NNP
8256,NNP
8257,NNP
8258,NNP
8259,NNP
8260,NNP
8261,NNP
8262,NNP
8263,NNP
8264,JJ
8265,NNP
8266,JJ
8267,NNP
8268,NNP
8269,NNP
8270,NNP
8271,NNP
8272,JJ
8273,NNP
8274,NNP
8275,NNP
8276,NNP
8277,NNPS
8278,NNP
8279,NNP
8280,NNP
8281,NNP
8282,JJ
8283,NNP
8284,NNP
8285,NNP
8286,NNP
8287,NNP
8288,JJ
8289,NNP
8290,NNP
8291,NNP
8292,NNP
8293,NNS
8294,NNP
8295,NNP
8296,NNP
8297,NNP
8298,NNP
8299,NNS
8300,NNP
8301,NNP
8302,NNP
8303,NNP
8304,NNP
8305,NNP
8306,NNP
8307,NNP
8308,NNP
8309,NNP
8310,NNP
8311,NNP
8312,NNP
8313,NNP
8314,VBN
8315,NNP
8316,NNP
8317,NNP
8318,NNP
8319,NNP
8320,NNP
8321,NNP
8322,NNP
8323,NNP
8324,NNP
8325,NNP
8326,NNP
8327,NNP
8328,NNP
8329,NNP
8330,NNP
8331,NNP
8332,NNP
8333,NNP
8334,NNP
8335,NNP
8336,NNP
8337,NNP
8338,NNP
8339,NNP
8340,NNP
8341,NNP
8342,NNP
8343,NNP
8344,NNP
8345,NNP
8346,NNP
8347,NNP
8348,NNP
8349,NNP
8350,VBN
8351,NNP
8352,NNP
8353,NNP
8354,NNP
8355,NNP
8356,NNP
8357,NNP
8358,VBN
8359,NNP
8360,NNP
8361,NNP
8362,NNP
8363,NNP
8364,NNP
8365,NNP
8366,NNP
8367,NNP
8368,NNP
8369,NNP
8370,NNP
8371,NNP
8372,NNP
8373,NNP
8374,NNP
8375,NNP
8376,NNP
8377,NNP
8378,NNP
8379,NNP
8380,NNPS
8381,NNP
8382,NNP
8383,NNP
8384,NNP
8385,NNP
8386,JJ
8387,NNP
8388,NNP
8389,NNP
8390,NNP
8391,NNP
8392,NNP
8393,NNP
8394,NNP
8395,NNP
8396,NNP
8397,NNP
8398,NNP
8399,NNP
8400,NNP
8401,NNPS
8402,NNP
8403,NNP
8404,NN
8405,NNP
8406,NNP
8407,NNP
8408,NNP
8409,NNP
8410,NNP
8411,NNP
8412,NNP
8413,NNP
8414,NNPS
8415,NNP
8416,NNP
8417,NNP
8418,NNP
8419,NNP
8420,NNP
8421,NNP
8422,NNP
8423,NNP
8424,NNP
8425,NNP
8426,NNP
8427,NNP
8428,NNP
8429,NNP
8430,NNP
8431,NNP
8432,NNP
8433,NNP
8434,NNP
8435,NNP
8436,CD
8437,NNPS
8438,NNP
8439,CD
8440,NNP
8441,JJ
8442,NNP
8443,NNP
8444,NNP
8445,VBG
8446,NNP
8447,NNP
8448,NNP
8449,CD
8450,NNPS
8451,CD
8452,NNP
8453,JJ
8454,NNP
8455,NNP
8456,NNP
8457,NNP
8458,NNP
8459,NNP
8460,CD
8461,NNPS
8462,NNP
8463,CD
8464,NNP
8465,NNP
8466,NNP
8467,NNP
8468,NNP
8469,CD
8470,NNPS
8471,CD
8472,NNP
8473,NNP
8474,NNP
8475,NNP
8476,NNP
8477,NNP
8478,NNP
8479,NNP
8480,NNP
8481,NNP
8482,NNP
8483,NNP
8484,NNP
8485,NNP
8486,NNP
8487,NNP
8488,NNP
8489,NNP
8490,CD
8491,NNPS
8492,NNP
8493,NNP
8494,CD
8495,NNP
8496,NNP
8497,NNP
8498,NNP
8499,NNP
8500,NNP
8501,NNP
8502,NNP
8503,NNP
8504,NNP
8505,NNP
8506,NNP
8507,NNP
8508,NNP
8509,NNP
8510,NNP
8511,NNP
8512,NNP
8513,NNP
8514,NNP
8515,NNP
8516,NNP
8517,NNP
8518,NNS
8519,NNP
8520,NNP
8521,NNP
8522,NNP
8523,NNP
8524,NNP
8525,NNP
8526,NNP
8527,JJ
8528,NNP
8529,NNP
8530,NNP
8531,NNP
8532,NNP
8533,NNP
8534,NNP
8535,NNP
8536,JJ
8537,NNP
8538,NNP
8539,NNP
8540,JJ
8541,NNP
8542,JJ
8543,NNP
8544,NNP
8545,NNP
8546,NNP
8547,NNP
8548,NNP
8549,NNP
8550,JJ
8551,NNP
8552,NNP
8553,NNP
8554,NNP
8555,NNPS
8556,NNP
8557,NNP
8558,NNPS
8559,NNP
8560,NNP
8561,NNP
8562,NNP
8563,NNP
8564,NNP
8565,NNP
8566,NNP
8567,NNPS
8568,NNP
8569,NNP
8570,NNP
8571,NNP
8572,NNP
8573,NNP
8574,NNP
8575,NNP
8576,NNP
8577,NNP
8578,NNS
8579,NNP
8580,NNP
8581,NNP
8582,JJ
8583,NNPS
8584,NNP
8585,NNP
8586,NNP
8587,NNP
8588,NNP
8589,NNP
8590,NNP
8591,NNP
8592,NNP
8593,NNP
8594,NNP
8595,NNP
8596,VBG
8597,NNP
8598,NNP
8599,NNP
8600,JJ
8601,NNP
8602,NNP
8603,NNP
8604,NNP
8605,NNP
8606,NNP
8607,NNP
8608,NNP
8609,NNP
8610,NNP
8611,JJ
8612,NNP
8613,NNP
8614,NNP
8615,NNP
8616,NNP
8617,NNP
8618,NNP
8619,NNP
8620,NNP
8621,NNP
8622,NNP
8623,NNP
8624,NNP
8625,JJ
8626,NNP
8627,NNP
8628,NNP
8629,NNP
8630,NNP
8631,NNP
8632,NNP
8633,NNP
8634,JJ
8635,NNP
8636,NNP
8637,NNP
8638,NNP
8639,NNP
8640,JJ
8641,NNP
8642,NNP
8643,JJ
8644,NNP
8645,NNP
8646,NNP
8647,NNPS
8648,NNP
8649,NNP
8650,NNP
8651,NNP
8652,NNP
8653,JJ
8654,NNP
8655,NNP
8656,NNP
8657,NNP
8658,NNP
8659,NNP
8660,NNP
8661,NNP
8662,NNP
8663,NNP
8664,NNP
8665,NNP
8666,NNP
8667,NNP
8668,NNP
8669,NNP
8670,NNP
8671,NNPS
8672,NNP
8673,NNP
8674,NNP
8675,NNP
8676,NNPS
8677,NNP
8678,NNP
8679,NNP
8680,NNP
8681,NNP
8682,NNP
8683,NNP
8684,NNP
8685,NNP
8686,NNP
8687,NNP
8688,NNP
8689,NNP
8690,NNP
8691,NNP
8692,NNP
8693,NNP
8694,NNP
8695,NNP
8696,NNP
8697,NNP
8698,NNP
8699,NNP
8700,NNP
8701,NNP
8702,NNP
8703,NNP
8704,NNP
8705,NNP
8706,NNP
8707,NNP
8708,NNP
8709,NNP
8710,NNP
8711,NNP
8712,NNP
8713,NNP
8714,NNP
8715,NNP
8716,NNP
8717,NNP
8718,NNP
8719,NNP
8720,NNP
8721,NNP
8722,NNP
8723,NNP
8724,NNP
8725,NNP
8726,NNP
8727,NNPS
8728,NNP
8729,NNP
8730,NNP
8731,NNPS
8732,NNP
8733,NNP
8734,NNP
8735,NNP
8736,JJ
8737,NNP
8738,NNP
8739,NNP
8740,NNP
8741,NNP
8742,JJ
8743,NNP
8744,NNP
8745,NNP
8746,NNP
8747,NNP
8748,NNP
8749,NNP
8750,NNP
8751,NNP
8752,NNP
8753,NNP
8754,NNP
8755,NNP
8756,NNP
8757,NNP
8758,NNP
8759,NNP
8760,NNP
8761,NNP
8762,NNP
8763,NNP
8764,NNP
8765,NNP
8766,NNP
8767,NNP
8768,NNP
8769,NNP
8770,NNP
8771,NNP
8772,NNP
8773,NNP
8774,NNP
8775,NNP
8776,NNP
8777,NNP
8778,NNP
8779,NNP
8780,NNP
8781,NNP
8782,NNP
8783,NNP
8784,NNP
8785,NNP
8786,NNP
8787,NNP
8788,NNP
8789,NNP
8790,NNP
8791,NNP
8792,NNP
8793,NNP
8794,NNP
8795,NNP
8796,NNP
8797,RB
8798,NNP
8799,NNP
8800,NNP
8801,NNP
8802,NNP
8803,NNP
8804,NNP
8805,NNP
8806,NNP
8807,NNP
8808,NNP
8809,NNP
8810,CD
8811,NNP
8812,NNP
8813,NNP
8814,NNP
8815,NNP
8816,NNP
8817,NNP
8818,NNP
8819,NNP
8820,NNP
8821,VBG
8822,NNP
8823,NNP
8824,NNP
8825,JJ
8826,RB
8827,NNP
8828,NNP
8829,NNP
8830,NNP
8831,JJ
8832,NNP
8833,NNP
8834,NNP
8835,NNP
8836,NNP
8837,NNP
8838,NNP
8839,NNP
8840,NNP
8841,NNP
8842,NNP
8843,NNP
8844,NNP
8845,JJ
8846,NNP
8847,NNP
8848,NNP
8849,NNP
8850,NNP
8851,NNP
8852,NNP
8853,NNP
8854,NNP
8855,NNP
8856,NNP
8857,NNP
8858,NNP
8859,NNP
8860,NNP
8861,NNP
8862,NNP
8863,NNP
8864,NNP
8865,NNP
8866,NNP
8867,NNP
8868,NNP
8869,NNP
8870,NNP
8871,NNP
8872,NNP
8873,NNP
8874,NNP
8875,NNP
8876,NNP
8877,NNP
8878,NNP
8879,NNP
8880,NNP
8881,NNP
8882,NNP
8883,NNP
8884,NNP
8885,NNP
8886,NNP
8887,NNP
8888,NNP
8889,NNP
8890,NNP
8891,NNP
8892,NNP
8893,NNP
8894,NNP
8895,NNP
8896,NNP
8897,NNP
8898,NNP
8899,NNP
8900,NNP
8901,NNP
8902,NNP
8903,NNP
8904,NNP
8905,NNP
8906,NNPS
8907,NNP
8908,JJ
8909,NNP
8910,NNP
8911,NNP
8912,NNP
8913,NNP
8914,JJ
8915,NNP
8916,VB
8917,NNP
8918,NNP
8919,NNP
8920,NNP
8921,NNP
8922,NNP
8923,NNP
8924,NNP
8925,NNP
8926,NNP
8927,NNP
8928,NNP
8929,NNP
8930,NNP
8931,NNP
8932,NNP
8933,NNP
8934,NNP
8935,NNP
8936,NNP
8937,NNP
8938,NNP
8939,NNP
8940,NNP
8941,NNP
8942,NNP
8943,NNP
8944,RB
8945,NNP
8946,NNP
8947,NNP
8948,NN
8949,NNP
8950,NNP
8951,NNP
8952,NNP
8953,NNP
8954,NNP
8955,NNP
8956,NNP
8957,NNP
8958,NNP
8959,RB
8960,NNP
8961,NNP
8962,NNP
8963,NNP
8964,NNP
8965,NNP
8966,NNP
8967,NNP
8968,NNP
8969,NNP
8970,NNP
8971,NNP
8972,NNP
8973,NNP
8974,NNP
8975,NNP
8976,NNP
8977,NNP
8978,NNP
8979,NNP
8980,NNP
8981,NNP
8982,NNP
8983,NNP
8984,NNP
8985,NNP
8986,NNP
8987,NNP
8988,NNP
8989,NNP
8990,NNP
8991,NNP
8992,NNP
8993,NNP
8994,NNP
8995,NNP
8996,NNP
8997,NNP
8998,NNP
8999,NNP
9000,NNP
9001,NNP
9002,NNP
9003,NNP
9004,NNP
9005,NNP
9006,NNP
9007,NNP
9008,NNP
9009,NNP
9010,NNP
9011,NNP
9012,NNP
9013,NNP
9014,NNP
9015,NNP
9016,NNP
9017,NNP
9018,NNP
9019,NNP
9020,NNP
9021,NNP
9022,NNP
9023,NNP
9024,NNP
9025,NNP
9026,NNP
9027,NNP
9028,NNP
9029,NNP
9030,NNP
9031,NNP
9032,NNP
9033,NNP
9034,NNP
9035,NNP
9036,NNP
9037,NNP
9038,NNP
9039,NNP
9040,NNP
9041,NNP
9042,NNP
9043,NNP
9044,NNP
9045,NNP
9046,NNP
9047,NNP
9048,NNP
9049,NNP
9050,CD
9051,NNPS
9052,NNP
9053,NNP
9054,CD
9055,NNP
9056,NNP
9057,NNP
9058,NNP
9059,NNP
9060,NNP
9061,NNP
9062,NNP
9063,NNP
9064,NNP
9065,NNP
9066,NNP
9067,NNP
9068,NNP
9069,NNP
9070,NNP
9071,NNP
9072,NNP
9073,NNP
9074,NNP
9075,NNP
9076,NNP
9077,NNP
9078,NNP
9079,NNP
9080,NNP
9081,NNP
9082,NNP
9083,NNP
9084,NNP
9085,NNP
9086,NNP
9087,NNP
9088,NNP
9089,NNP
9090,JJ
9091,NNP
9092,JJ
9093,NNP
9094,NNP
9095,NNP
9096,NNP
9097,NNP
9098,NNP
9099,NNP
9100,NNP
9101,NNP
9102,NNP
9103,NNP
9104,NNP
9105,NNP
9106,NNP
9107,NNP
9108,NNPS
9109,NNP
9110,NNP
9111,CD
9112,NNPS
9113,CD
9114,NNP
9115,NNP
9116,NNP
9117,NNP
9118,NNP
9119,NNP
9120,NNP
9121,NNP
9122,NNP
9123,NNP
9124,NNP
9125,NNP
9126,NNP
9127,NNP
9128,NNP
9129,NNP
9130,NNP
9131,NNP
9132,NNP
9133,NNP
9134,NNP
9135,NNP
9136,NNP
9137,NNP
9138,NNP
9139,NNP
9140,NNP
9141,NNP
9142,NNP
9143,NNP
9144,NNP
9145,NNP
9146,NNP
9147,NNP
9148,NNP
9149,NNP
9150,NNP
9151,NNP
9152,NNP
9153,CD
9154,NNPS
9155,NNP
9156,NNP
9157,NNP
9158,CD
9159,NNPS
9160,CD
9161,NNPS
9162,NNP
9163,CD
9164,NNP
9165,NNP
9166,NNP
9167,NNP
9168,NNP
9169,NNP
9170,NNP
9171,NNP
9172,NNP
9173,NNP
9174,NNP
9175,NNP
9176,NNP
9177,NNP
9178,NNP
9179,NNP
9180,NNP
9181,NNP
9182,NNP
9183,NNP
9184,NNP
9185,NNP
9186,JJ
9187,NNP
9188,NNP
9189,NNP
9190,NNP
9191,NNP
9192,NNP
9193,NNP
9194,NNP
9195,NNP
9196,NNP
9197,NNP
9198,NNP
9199,NNP
9200,NNP
9201,NNP
9202,NNP
9203,NNP
9204,NNP
9205,NNP
9206,NNP
9207,NNP
9208,NNP
9209,NNP
9210,CD
9211,NNP
9212,NN
9213,NNP
9214,NNP
9215,CD
9216,NNP
9217,NNP
9218,NNP
9219,NNPS
9220,NNP
9221,NN
9222,NNP
9223,NNP
9224,NNP
9225,NNP
9226,NNP
9227,NNP
9228,NNP
9229,NNP
9230,NNP
9231,NNPS
9232,NNP
9233,NNP
9234,NNP
9235,NNP
9236,NNP
9237,NNP
9238,NNP
9239,NNP
9240,NNP
9241,NNP
9242,NNP
9243,NNP
9244,NNP
9245,NNP
9246,NNP
9247,JJ
9248,NNP
9249,NNP
9250,NNP
9251,NNP
9252,NNP
9253,NNP
9254,NNP
9255,NNP
9256,NNPS
9257,NNP
9258,NNP
9259,NNP
9260,NNP
9261,JJ
9262,NNP
9263,NNP
9264,NNP
9265,NNP
9266,VBG
9267,NNP
9268,NNP
9269,NNP
9270,NNP
9271,NNP
9272,NNS
9273,JJ
9274,NNP
9275,JJ
9276,NNP
9277,NNP
9278,NNP
9279,RB
9280,NNP
9281,NNP
9282,NNP
9283,NNP
9284,NNP
9285,VBN
9286,JJ
9287,NNP
9288,JJ
9289,NNP
9290,NNP
9291,NNP
9292,NNP
9293,NNP
9294,NNP
9295,VBN
9296,NNP
9297,NNP
9298,NNP
9299,NNP
9300,NNP
9301,NNP
9302,NNP
9303,NNP
9304,NNP
9305,NNP
9306,NNP
9307,NNP
9308,NNP
9309,NNP
9310,NNP
9311,NNP
9312,NNP
9313,NNP
9314,NNP
9315,IN
9316,NNP
9317,NNP
9318,NNP
9319,NNP
9320,NNP
9321,NNP
9322,NNP
9323,NNP
9324,NNP
9325,NNP
9326,NNP
9327,NNP
9328,NNP
9329,NNP
9330,NNP
9331,NNP
9332,NNP
9333,NNP
9334,NNP
9335,JJ
9336,NNP
9337,NNP
9338,NNP
9339,NNP
9340,NNP
9341,NNP
9342,NNP
9343,NNP
9344,NNP
9345,NNP
9346,NNP
9347,NNP
9348,NNP
9349,NNP
9350,NNP
9351,NNP
9352,NNP
9353,NNP
9354,NNP
9355,NNP
9356,NNP
9357,NNP
9358,NNP
9359,NNP
9360,NNP
9361,NNP
9362,NNP
9363,NNP
9364,NNP
9365,NNP
9366,NNP
9367,NNP
9368,NNP
9369,NNP
9370,NNP
9371,NNP
9372,NNP
9373,NNP
9374,NNP
9375,NNP
9376,NNP
9377,NNP
9378,NNP
9379,NNP
9380,NNP
9381,NNP
9382,NNP
9383,NNP
9384,NNP
9385,NNP
9386,NNP
9387,NNP
9388,NNP
9389,NNP
9390,NNP
9391,NNP
9392,NNP
9393,NNP
9394,NNP
9395,NNP
9396,NNP
9397,NNP
9398,NNPS
9399,NNP
9400,NNP
9401,NNPS
9402,NNP
9403,NNP
9404,NNP
9405,NNPS
9406,NNP
9407,NNP
9408,NNP
9409,NNP
9410,NNP
9411,NNP
9412,NNP
9413,NNP
9414,NNP
9415,NNP
9416,NNP
9417,NNP
9418,NNP
9419,NNP
9420,NNP
9421,NNP
9422,NNP
9423,NNP
9424,NN
9425,NNP
9426,NNP
9427,NNP
9428,NNP
9429,NNP
9430,NNP
9431,NNP
9432,NNPS
9433,NNP
9434,NNP
9435,NNP
9436,NNP
9437,NNP
9438,NNP
9439,NNP
9440,NNP
9441,NNP
9442,NNP
9443,NNP
9444,NNP
9445,NNP
9446,NNP
9447,NNP
9448,NNP
9449,NNP
9450,NNP
9451,NNP
9452,NNP
9453,NNP
9454,NNP
9455,JJ
9456,NNP
9457,NNP
9458,NNP
9459,NNP
9460,NNP
9461,NNP
9462,NNP
9463,NNP
9464,NNP
9465,NNP
9466,NNP
9467,NNP
9468,NNP
9469,CD
9470,NNP
9471,NNP
9472,NNP
9473,NNP
9474,CD
9475,NNP
9476,NNP
9477,NNP
9478,NNP
9479,NNP
9480,NNP
9481,NNP
9482,NNP
9483,NNP
9484,NNP
9485,NNP
9486,NNP
9487,JJ
9488,NNP
9489,NNP
9490,NNP
9491,NNP
9492,NNP
9493,NNP
9494,NNP
9495,NNP
9496,NNP
9497,NNP
9498,NNP
9499,NNP
9500,NNP
9501,NNP
9502,NNP
9503,NNP
9504,NNS
9505,NNP
9506,NNP
9507,NNP
9508,NNP
9509,NNP
9510,NNP
9511,NNP
9512,NNP
9513,NNS
9514,NNPS
9515,NNP
9516,NNP
9517,NNP
9518,NNP
9519,NNP
9520,NNP
9521,NNP
9522,NNP
9523,NNP
9524,NNP
9525,NNP
9526,NNP
9527,NNP
9528,JJ
9529,NNP
9530,NNP
9531,NNP
9532,NNP
9533,NNP
9534,JJ
9535,NNP
9536,NNP
9537,NNP
9538,NNP
9539,NNP
9540,NNP
9541,NNP
9542,NNP
9543,NNP
9544,NNP
9545,NNP
9546,NNP
9547,NNP
9548,NNP
9549,NNP
9550,NNP
9551,NNP
9552,NNP
9553,NNP
9554,NNP
9555,NNP
9556,NNP
9557,NNP
9558,NNP
9559,NNP
9560,NNP
9561,NNP
9562,NNP
9563,NNP
9564,JJ
9565,JJ
9566,NNP
9567,NNP
9568,NNP
9569,NNP
9570,NNP
9571,NNP
9572,NNP
9573,NNP
9574,NNP
9575,NNP
9576,NNP
9577,NNP
9578,NNP
9579,NNP
9580,NNP
9581,NNPS
9582,JJ
9583,NNP
9584,NNP
9585,NNP
9586,JJ
9587,NNP
9588,NNP
9589,NNP
9590,NNP
9591,NNP
9592,NNP
9593,NNP
9594,NNP
9595,NNP
9596,NNP
9597,NNP
9598,NNP
9599,NNP
9600,NNP
9601,NNPS
9602,NNP
9603,NNPS
9604,NNP
9605,NNPS
9606,NNP
9607,NNP
9608,NNP
9609,NNP
9610,NNP
9611,NNP
9612,NNP
9613,NNP
9614,NNP
9615,NNP
9616,NNP
9617,NNP
9618,NNP
9619,NNP
9620,NNP
9621,NNP
9622,NNP
9623,NNP
9624,NNP
9625,NNP
9626,NNP
9627,NNP
9628,NNP
9629,NNP
9630,NNP
9631,NNP
9632,JJ
9633,NNP
9634,JJ
9635,NNP
9636,NNP
9637,NNP
9638,NNP
9639,NNP
9640,NNP
9641,NNP
9642,NNP
9643,NNP
9644,NNP
9645,NNP
9646,NNP
9647,NNP
9648,NNP
9649,NNP
9650,NNP
9651,NNP
9652,NNP
9653,NNP
9654,NNP
9655,NNP
9656,NNP
9657,NNPS
9658,NNP
9659,NNP
9660,NNP
9661,NNP
9662,NNP
9663,NNP
9664,NNP
9665,NNP
9666,NNP
9667,NNP
9668,NNP
9669,NNP
9670,NNP
9671,NNP
9672,NNP
9673,NNP
9674,NNP
9675,NNP
9676,NNP
9677,NNP
9678,NNP
9679,NNP
9680,NNP
9681,NNP
9682,NNP
9683,NNS
9684,NNP
9685,NNP
9686,NNP
9687,NNP
9688,NNP
9689,NNP
9690,NNP
9691,NNPS
9692,NNP
9693,NNP
9694,NNPS
9695,JJ
9696,NNP
9697,NNP
9698,NNP
9699,NNP
9700,NNP
9701,NNP
9702,NNP
9703,JJ
9704,NNP
9705,NNPS
9706,NNP
9707,NNS
9708,NNP
9709,NNP
9710,NNP
9711,NNP
9712,NNS
9713,NNPS
9714,NNP
9715,NNP
9716,NNP
9717,NNP
9718,NNP
9719,NNP
9720,NNP
9721,NNPS
9722,NNP
9723,NNP
9724,NNP
9725,NNP
9726,CD
9727,RB
9728,NNP
9729,CD
9730,NNP
9731,JJ
9732,NNP
9733,RB
9734,JJ
9735,NNP
9736,NNP
9737,NNP
9738,NNP
9739,NNP
9740,NNPS
9741,JJ
9742,JJ
9743,JJ
9744,NNP
9745,NNP
9746,JJ
9747,NNP
9748,NNP
9749,NNP
9750,NNP
9751,NNP
9752,NNP
9753,NNP
9754,NNP
9755,NNS
9756,NNP
9757,NNP
9758,NNP
9759,NNP
9760,JJ
9761,NNP
9762,NNP
9763,NNPS
9764,NNP
9765,NNP
9766,NNP
9767,NNP
9768,NNP
9769,NNP
9770,NNP
9771,NNP
9772,NNP
9773,NNP
9774,NNP
9775,NNP
9776,NNP
9777,NNPS
9778,NNPS
9779,NNP
9780,NNPS
9781,NNP
9782,NNPS
9783,JJ
9784,NNP
9785,JJ
9786,NNP
9787,NNP
9788,JJ
9789,JJ
9790,NNP
9791,NNP
9792,NNP
9793,NNP
9794,NNP
9795,NNP
9796,JJ
9797,NNP
9798,NNP
9799,NNP
9800,NNP
9801,NNP
9802,JJ
9803,NNP
9804,NNP
9805,JJ
9806,NNP
9807,NNP
9808,JJ
9809,NNP
9810,NNP
9811,NNP
9812,NNP
9813,NNP
9814,NNP
9815,NNP
9816,NN
9817,NNP
9818,NNP
9819,NNP
9820,NNP
9821,NNP
9822,NN
9823,NNP
9824,NNP
9825,NNP
9826,NNP
9827,NNP
9828,NNP
9829,NNP
9830,NNP
9831,NNP
9832,NNP
9833,NNP
9834,NNP
9835,NNP
9836,NNP
9837,NNP
9838,NNP
9839,NNP
9840,NNP
9841,CD
9842,NNPS
9843,NNP
9844,CD
9845,NNP
9846,NNP
9847,NNP
9848,NNP
9849,NNP
9850,NNP
9851,NNP
9852,NNP
9853,NNP
9854,NNP
9855,NNP
9856,NNP
9857,NNP
9858,NNP
9859,NNP
9860,NNP
9861,NNP
9862,NNP
9863,NNP
9864,NNP
9865,NNP
9866,CD
9867,NNPS
9868,CD
9869,RB
9870,NNP
9871,NNP
9872,NNP
9873,NNP
9874,NNP
9875,NNP
9876,NNP
9877,NNP
9878,NNP
9879,NNP
9880,NNP
9881,NNP
9882,NNP
9883,NNP
9884,NNP
9885,NNP
9886,NNP
9887,NNP
9888,NNP
9889,NNP
9890,NNP
9891,NNP
9892,NNP
9893,NNP
9894,NNP
9895,NNP
9896,NNP
9897,NNP
9898,NNP
